[
  {
    "model": "admin.logentry",
    "pk": 1,
    "fields": {
      "action_time": "2022-03-24T13:41:31.598Z",
      "user": 1,
      "content_type": 6,
      "object_id": "1",
      "object_repr": "mohsen",
      "action_flag": 2,
      "change_message": "[{\"changed\": {\"fields\": [\"Avatar\"]}}]"
    }
  },
  {
    "model": "admin.logentry",
    "pk": 2,
    "fields": {
      "action_time": "2022-03-25T07:09:07.329Z",
      "user": 1,
      "content_type": 7,
      "object_id": "1",
      "object_repr": "mohsen >> ali | Send",
      "action_flag": 1,
      "change_message": "[{\"added\": {}}]"
    }
  },
  {
    "model": "admin.logentry",
    "pk": 3,
    "fields": {
      "action_time": "2022-03-25T07:09:14.424Z",
      "user": 1,
      "content_type": 7,
      "object_id": "1",
      "object_repr": "mohsen >> ali | Accepted",
      "action_flag": 2,
      "change_message": "[{\"changed\": {\"fields\": [\"Status request relation\"]}}]"
    }
  },
  {
    "model": "admin.logentry",
    "pk": 4,
    "fields": {
      "action_time": "2022-03-25T07:10:00.372Z",
      "user": 1,
      "content_type": 7,
      "object_id": "2",
      "object_repr": "ali >> mohsen | Accepted",
      "action_flag": 1,
      "change_message": "[{\"added\": {}}]"
    }
  },
  {
    "model": "admin.logentry",
    "pk": 5,
    "fields": {
      "action_time": "2022-03-25T07:10:08.504Z",
      "user": 1,
      "content_type": 7,
      "object_id": "3",
      "object_repr": "mohsen >> hossein | Accepted",
      "action_flag": 1,
      "change_message": "[{\"added\": {}}]"
    }
  },
  {
    "model": "admin.logentry",
    "pk": 6,
    "fields": {
      "action_time": "2022-03-25T07:10:20.394Z",
      "user": 1,
      "content_type": 7,
      "object_id": "4",
      "object_repr": "hossein >> mohsen | Send",
      "action_flag": 1,
      "change_message": "[{\"added\": {}}]"
    }
  },
  {
    "model": "admin.logentry",
    "pk": 7,
    "fields": {
      "action_time": "2022-03-25T07:57:38.491Z",
      "user": 1,
      "content_type": 6,
      "object_id": "2",
      "object_repr": "hossein",
      "action_flag": 2,
      "change_message": "[{\"changed\": {\"fields\": [\"Avatar\"]}}]"
    }
  },
  {
    "model": "admin.logentry",
    "pk": 8,
    "fields": {
      "action_time": "2022-03-25T07:57:45.696Z",
      "user": 1,
      "content_type": 6,
      "object_id": "3",
      "object_repr": "ali",
      "action_flag": 2,
      "change_message": "[{\"changed\": {\"fields\": [\"Avatar\"]}}]"
    }
  },
  {
    "model": "admin.logentry",
    "pk": 9,
    "fields": {
      "action_time": "2022-03-25T07:58:17.351Z",
      "user": 1,
      "content_type": 6,
      "object_id": "2",
      "object_repr": "hossein",
      "action_flag": 2,
      "change_message": "[{\"changed\": {\"fields\": [\"Bio\", \"Website\"]}}]"
    }
  },
  {
    "model": "admin.logentry",
    "pk": 10,
    "fields": {
      "action_time": "2022-03-25T07:58:47.504Z",
      "user": 1,
      "content_type": 6,
      "object_id": "3",
      "object_repr": "ali",
      "action_flag": 2,
      "change_message": "[{\"changed\": {\"fields\": [\"Bio\", \"Website\"]}}]"
    }
  },
  {
    "model": "admin.logentry",
    "pk": 11,
    "fields": {
      "action_time": "2022-03-25T08:46:44.135Z",
      "user": 1,
      "content_type": 7,
      "object_id": "13",
      "object_repr": "mohsen >> hossein | Send",
      "action_flag": 3,
      "change_message": ""
    }
  },
  {
    "model": "admin.logentry",
    "pk": 12,
    "fields": {
      "action_time": "2022-03-25T08:46:44.254Z",
      "user": 1,
      "content_type": 7,
      "object_id": "12",
      "object_repr": "mohsen >> hossein | Send",
      "action_flag": 3,
      "change_message": ""
    }
  },
  {
    "model": "admin.logentry",
    "pk": 13,
    "fields": {
      "action_time": "2022-03-25T08:46:44.289Z",
      "user": 1,
      "content_type": 7,
      "object_id": "11",
      "object_repr": "mohsen >> hossein | Send",
      "action_flag": 3,
      "change_message": ""
    }
  },
  {
    "model": "admin.logentry",
    "pk": 14,
    "fields": {
      "action_time": "2022-03-25T08:46:44.325Z",
      "user": 1,
      "content_type": 7,
      "object_id": "10",
      "object_repr": "mohsen >> hossein | Send",
      "action_flag": 3,
      "change_message": ""
    }
  },
  {
    "model": "admin.logentry",
    "pk": 15,
    "fields": {
      "action_time": "2022-03-25T08:46:44.360Z",
      "user": 1,
      "content_type": 7,
      "object_id": "9",
      "object_repr": "mohsen >> hossein | Send",
      "action_flag": 3,
      "change_message": ""
    }
  },
  {
    "model": "admin.logentry",
    "pk": 16,
    "fields": {
      "action_time": "2022-03-25T08:46:44.385Z",
      "user": 1,
      "content_type": 7,
      "object_id": "8",
      "object_repr": "mohsen >> hossein | Send",
      "action_flag": 3,
      "change_message": ""
    }
  },
  {
    "model": "admin.logentry",
    "pk": 17,
    "fields": {
      "action_time": "2022-03-25T08:46:44.421Z",
      "user": 1,
      "content_type": 7,
      "object_id": "7",
      "object_repr": "mohsen >> hossein | Send",
      "action_flag": 3,
      "change_message": ""
    }
  },
  {
    "model": "admin.logentry",
    "pk": 18,
    "fields": {
      "action_time": "2022-03-25T08:46:44.456Z",
      "user": 1,
      "content_type": 7,
      "object_id": "6",
      "object_repr": "mohsen >> hossein | Send",
      "action_flag": 3,
      "change_message": ""
    }
  },
  {
    "model": "admin.logentry",
    "pk": 19,
    "fields": {
      "action_time": "2022-03-25T08:46:44.481Z",
      "user": 1,
      "content_type": 7,
      "object_id": "5",
      "object_repr": "mohsen >> hossein | Send",
      "action_flag": 3,
      "change_message": ""
    }
  },
  {
    "model": "admin.logentry",
    "pk": 20,
    "fields": {
      "action_time": "2022-03-25T08:50:13.962Z",
      "user": 1,
      "content_type": 7,
      "object_id": "3",
      "object_repr": "mohsen >> hossein | Accepted",
      "action_flag": 3,
      "change_message": ""
    }
  },
  {
    "model": "admin.logentry",
    "pk": 21,
    "fields": {
      "action_time": "2022-03-25T08:50:39.128Z",
      "user": 1,
      "content_type": 7,
      "object_id": "14",
      "object_repr": "mohsen >> hossein | Accepted",
      "action_flag": 2,
      "change_message": "[{\"changed\": {\"fields\": [\"Status request relation\"]}}]"
    }
  },
  {
    "model": "admin.logentry",
    "pk": 22,
    "fields": {
      "action_time": "2022-03-25T08:57:37.844Z",
      "user": 1,
      "content_type": 7,
      "object_id": "14",
      "object_repr": "mohsen >> hossein | Send",
      "action_flag": 2,
      "change_message": "[{\"changed\": {\"fields\": [\"Status request relation\"]}}]"
    }
  },
  {
    "model": "admin.logentry",
    "pk": 23,
    "fields": {
      "action_time": "2022-03-25T09:01:20.770Z",
      "user": 1,
      "content_type": 7,
      "object_id": "14",
      "object_repr": "mohsen >> hossein | Accepted",
      "action_flag": 2,
      "change_message": "[{\"changed\": {\"fields\": [\"Status request relation\"]}}]"
    }
  },
  {
    "model": "admin.logentry",
    "pk": 24,
    "fields": {
      "action_time": "2022-03-25T09:01:52.785Z",
      "user": 1,
      "content_type": 7,
      "object_id": "14",
      "object_repr": "mohsen >> hossein | Send",
      "action_flag": 2,
      "change_message": "[{\"changed\": {\"fields\": [\"Status request relation\"]}}]"
    }
  },
  {
    "model": "admin.logentry",
    "pk": 25,
    "fields": {
      "action_time": "2022-03-25T09:03:28.218Z",
      "user": 1,
      "content_type": 7,
      "object_id": "14",
      "object_repr": "mohsen >> hossein | Accepted",
      "action_flag": 2,
      "change_message": "[{\"changed\": {\"fields\": [\"Status request relation\"]}}]"
    }
  },
  {
    "model": "admin.logentry",
    "pk": 26,
    "fields": {
      "action_time": "2022-03-25T09:13:51.032Z",
      "user": 1,
      "content_type": 7,
      "object_id": "15",
      "object_repr": "mohsen >> hossein | Accepted",
      "action_flag": 2,
      "change_message": "[{\"changed\": {\"fields\": [\"Status request relation\"]}}]"
    }
  },
  {
    "model": "admin.logentry",
    "pk": 27,
    "fields": {
      "action_time": "2022-03-25T09:21:34.169Z",
      "user": 1,
      "content_type": 7,
      "object_id": "16",
      "object_repr": "mohsen >> hossein | Accepted",
      "action_flag": 2,
      "change_message": "[{\"changed\": {\"fields\": [\"Status request relation\"]}}]"
    }
  },
  {
    "model": "admin.logentry",
    "pk": 28,
    "fields": {
      "action_time": "2022-03-25T10:24:30.373Z",
      "user": 1,
      "content_type": 7,
      "object_id": "2",
      "object_repr": "ali >> mohsen | Send",
      "action_flag": 2,
      "change_message": "[{\"changed\": {\"fields\": [\"Status request relation\"]}}]"
    }
  },
  {
    "model": "admin.logentry",
    "pk": 29,
    "fields": {
      "action_time": "2022-03-25T10:41:29.959Z",
      "user": 1,
      "content_type": 7,
      "object_id": "16",
      "object_repr": "mohsen >> hossein | Accepted",
      "action_flag": 3,
      "change_message": ""
    }
  },
  {
    "model": "admin.logentry",
    "pk": 30,
    "fields": {
      "action_time": "2022-03-25T10:41:30.104Z",
      "user": 1,
      "content_type": 7,
      "object_id": "4",
      "object_repr": "hossein >> mohsen | Accepted",
      "action_flag": 3,
      "change_message": ""
    }
  },
  {
    "model": "admin.logentry",
    "pk": 31,
    "fields": {
      "action_time": "2022-03-25T10:41:30.139Z",
      "user": 1,
      "content_type": 7,
      "object_id": "1",
      "object_repr": "mohsen >> ali | Accepted",
      "action_flag": 3,
      "change_message": ""
    }
  },
  {
    "model": "admin.logentry",
    "pk": 32,
    "fields": {
      "action_time": "2022-03-25T10:41:37.887Z",
      "user": 1,
      "content_type": 7,
      "object_id": "17",
      "object_repr": "ali >> mohsen | Send",
      "action_flag": 1,
      "change_message": "[{\"added\": {}}]"
    }
  },
  {
    "model": "admin.logentry",
    "pk": 33,
    "fields": {
      "action_time": "2022-03-25T10:41:43.942Z",
      "user": 1,
      "content_type": 7,
      "object_id": "18",
      "object_repr": "hossein >> mohsen | Send",
      "action_flag": 1,
      "change_message": "[{\"added\": {}}]"
    }
  },
  {
    "model": "admin.logentry",
    "pk": 34,
    "fields": {
      "action_time": "2022-03-25T10:41:48.371Z",
      "user": 1,
      "content_type": 7,
      "object_id": "19",
      "object_repr": "mohsen >> ali | Send",
      "action_flag": 1,
      "change_message": "[{\"added\": {}}]"
    }
  },
  {
    "model": "admin.logentry",
    "pk": 35,
    "fields": {
      "action_time": "2022-03-25T10:41:54.202Z",
      "user": 1,
      "content_type": 7,
      "object_id": "20",
      "object_repr": "mohsen >> hossein | Send",
      "action_flag": 1,
      "change_message": "[{\"added\": {}}]"
    }
  },
  {
    "model": "admin.logentry",
    "pk": 36,
    "fields": {
      "action_time": "2022-03-25T13:43:52.036Z",
      "user": 1,
      "content_type": 7,
      "object_id": "21",
      "object_repr": "mohsen >> hossein | Accepted",
      "action_flag": 2,
      "change_message": "[{\"changed\": {\"fields\": [\"Status request relation\"]}}]"
    }
  },
  {
    "model": "admin.logentry",
    "pk": 37,
    "fields": {
      "action_time": "2022-03-25T13:44:07.057Z",
      "user": 1,
      "content_type": 7,
      "object_id": "22",
      "object_repr": "mohsen >> hossein | Accepted",
      "action_flag": 2,
      "change_message": "[{\"changed\": {\"fields\": [\"Status request relation\"]}}]"
    }
  },
  {
    "model": "admin.logentry",
    "pk": 38,
    "fields": {
      "action_time": "2022-03-25T14:15:08.487Z",
      "user": 1,
      "content_type": 6,
      "object_id": "4",
      "object_repr": "amir",
      "action_flag": 2,
      "change_message": "[{\"changed\": {\"fields\": [\"Avatar\"]}}]"
    }
  },
  {
    "model": "admin.logentry",
    "pk": 39,
    "fields": {
      "action_time": "2022-03-25T14:19:40.051Z",
      "user": 1,
      "content_type": 6,
      "object_id": "5",
      "object_repr": "arash",
      "action_flag": 3,
      "change_message": ""
    }
  },
  {
    "model": "admin.logentry",
    "pk": 40,
    "fields": {
      "action_time": "2022-03-25T14:20:39.813Z",
      "user": 1,
      "content_type": 6,
      "object_id": "6",
      "object_repr": "arash",
      "action_flag": 1,
      "change_message": "[{\"added\": {}}]"
    }
  },
  {
    "model": "admin.logentry",
    "pk": 41,
    "fields": {
      "action_time": "2022-03-25T16:40:20.551Z",
      "user": 1,
      "content_type": 7,
      "object_id": "18",
      "object_repr": "hossein >> mohsen | Send",
      "action_flag": 2,
      "change_message": "[{\"changed\": {\"fields\": [\"Status request relation\"]}}]"
    }
  },
  {
    "model": "admin.logentry",
    "pk": 42,
    "fields": {
      "action_time": "2022-03-29T09:50:55.160Z",
      "user": 1,
      "content_type": 7,
      "object_id": "19",
      "object_repr": "mohsen >> ali | Send",
      "action_flag": 3,
      "change_message": ""
    }
  },
  {
    "model": "admin.logentry",
    "pk": 43,
    "fields": {
      "action_time": "2022-03-29T15:09:55.797Z",
      "user": 1,
      "content_type": 7,
      "object_id": "22",
      "object_repr": "mohsen >> hossein | Send",
      "action_flag": 2,
      "change_message": "[{\"changed\": {\"fields\": [\"Status request relation\"]}}]"
    }
  },
  {
    "model": "admin.logentry",
    "pk": 44,
    "fields": {
      "action_time": "2022-03-29T15:10:00.560Z",
      "user": 1,
      "content_type": 7,
      "object_id": "22",
      "object_repr": "mohsen >> hossein | Accepted",
      "action_flag": 2,
      "change_message": "[{\"changed\": {\"fields\": [\"Status request relation\"]}}]"
    }
  },
  {
    "model": "admin.logentry",
    "pk": 45,
    "fields": {
      "action_time": "2022-03-29T15:10:45.609Z",
      "user": 1,
      "content_type": 7,
      "object_id": "23",
      "object_repr": "mohsen >> arash | Accepted",
      "action_flag": 1,
      "change_message": "[{\"added\": {}}]"
    }
  },
  {
    "model": "admin.logentry",
    "pk": 46,
    "fields": {
      "action_time": "2022-03-29T16:31:50.663Z",
      "user": 1,
      "content_type": 7,
      "object_id": "24",
      "object_repr": "mohsen >> ashly | Send",
      "action_flag": 1,
      "change_message": "[{\"added\": {}}]"
    }
  },
  {
    "model": "admin.logentry",
    "pk": 47,
    "fields": {
      "action_time": "2022-03-29T16:32:00.141Z",
      "user": 1,
      "content_type": 7,
      "object_id": "25",
      "object_repr": "mohsen >> anna | Accepted",
      "action_flag": 1,
      "change_message": "[{\"added\": {}}]"
    }
  },
  {
    "model": "admin.logentry",
    "pk": 48,
    "fields": {
      "action_time": "2022-03-31T07:21:42.791Z",
      "user": 1,
      "content_type": 8,
      "object_id": "1",
      "object_repr": "Tehran",
      "action_flag": 1,
      "change_message": "[{\"added\": {}}]"
    }
  },
  {
    "model": "admin.logentry",
    "pk": 49,
    "fields": {
      "action_time": "2022-03-31T07:21:55.020Z",
      "user": 1,
      "content_type": 8,
      "object_id": "2",
      "object_repr": "Shiraz",
      "action_flag": 1,
      "change_message": "[{\"added\": {}}]"
    }
  },
  {
    "model": "admin.logentry",
    "pk": 50,
    "fields": {
      "action_time": "2022-03-31T07:22:29.350Z",
      "user": 1,
      "content_type": 8,
      "object_id": "3",
      "object_repr": "Isfahan",
      "action_flag": 1,
      "change_message": "[{\"added\": {}}]"
    }
  },
  {
    "model": "admin.logentry",
    "pk": 51,
    "fields": {
      "action_time": "2022-03-31T07:22:37.992Z",
      "user": 1,
      "content_type": 8,
      "object_id": "4",
      "object_repr": "Ahvaz",
      "action_flag": 1,
      "change_message": "[{\"added\": {}}]"
    }
  },
  {
    "model": "admin.logentry",
    "pk": 52,
    "fields": {
      "action_time": "2022-03-31T07:36:56.531Z",
      "user": 1,
      "content_type": 12,
      "object_id": "1",
      "object_repr": "7learn",
      "action_flag": 1,
      "change_message": "[{\"added\": {}}]"
    }
  },
  {
    "model": "admin.logentry",
    "pk": 53,
    "fields": {
      "action_time": "2022-03-31T07:36:59.633Z",
      "user": 1,
      "content_type": 12,
      "object_id": "2",
      "object_repr": "python",
      "action_flag": 1,
      "change_message": "[{\"added\": {}}]"
    }
  },
  {
    "model": "admin.logentry",
    "pk": 54,
    "fields": {
      "action_time": "2022-03-31T07:37:02.937Z",
      "user": 1,
      "content_type": 12,
      "object_id": "3",
      "object_repr": "postman",
      "action_flag": 1,
      "change_message": "[{\"added\": {}}]"
    }
  },
  {
    "model": "admin.logentry",
    "pk": 55,
    "fields": {
      "action_time": "2022-03-31T07:37:06.857Z",
      "user": 1,
      "content_type": 12,
      "object_id": "4",
      "object_repr": "django",
      "action_flag": 1,
      "change_message": "[{\"added\": {}}]"
    }
  },
  {
    "model": "admin.logentry",
    "pk": 56,
    "fields": {
      "action_time": "2022-03-31T07:37:10.550Z",
      "user": 1,
      "content_type": 12,
      "object_id": "5",
      "object_repr": "mongo",
      "action_flag": 1,
      "change_message": "[{\"added\": {}}]"
    }
  },
  {
    "model": "admin.logentry",
    "pk": 57,
    "fields": {
      "action_time": "2022-03-31T07:37:12.404Z",
      "user": 1,
      "content_type": 12,
      "object_id": "6",
      "object_repr": "redis",
      "action_flag": 1,
      "change_message": "[{\"added\": {}}]"
    }
  },
  {
    "model": "admin.logentry",
    "pk": 58,
    "fields": {
      "action_time": "2022-03-31T07:37:23.985Z",
      "user": 1,
      "content_type": 9,
      "object_id": "1",
      "object_repr": "1 - mohsen - Sample caption post",
      "action_flag": 2,
      "change_message": "[{\"added\": {\"name\": \"Post Media\", \"object\": \"1 - mohsen - Sample caption post - Image\"}}, {\"added\": {\"name\": \"Post Media\", \"object\": \"1 - mohsen - Sample caption post - Image\"}}, {\"added\": {\"name\": \"Post Media\", \"object\": \"1 - mohsen - Sample caption post - Image\"}}, {\"added\": {\"name\": \"Post Media\", \"object\": \"1 - mohsen - Sample caption post - Image\"}}, {\"added\": {\"name\": \"Post Media\", \"object\": \"1 - mohsen - Sample caption post - Image\"}}, {\"added\": {\"name\": \"Post Media\", \"object\": \"1 - mohsen - Sample caption post - Image\"}}]"
    }
  },
  {
    "model": "admin.logentry",
    "pk": 59,
    "fields": {
      "action_time": "2022-03-31T07:37:54.289Z",
      "user": 1,
      "content_type": 9,
      "object_id": "1",
      "object_repr": "1 - mohsen - Sample caption post",
      "action_flag": 2,
      "change_message": "[{\"added\": {\"name\": \"Post Tag\", \"object\": \"1 - mohsen - Sample caption post - 7learn\"}}, {\"added\": {\"name\": \"Post Tag\", \"object\": \"1 - mohsen - Sample caption post - python\"}}, {\"added\": {\"name\": \"Tagged User\", \"object\": \"1 - mohsen - Sample caption post - 1 - mohsen - Sample caption post\"}}, {\"added\": {\"name\": \"Tagged User\", \"object\": \"1 - mohsen - Sample caption post - 1 - mohsen - Sample caption post\"}}, {\"added\": {\"name\": \"Tagged User\", \"object\": \"1 - mohsen - Sample caption post - 1 - mohsen - Sample caption post\"}}, {\"added\": {\"name\": \"Tagged User\", \"object\": \"1 - mohsen - Sample caption post - 1 - mohsen - Sample caption post\"}}]"
    }
  },
  {
    "model": "admin.logentry",
    "pk": 60,
    "fields": {
      "action_time": "2022-03-31T07:38:21.343Z",
      "user": 1,
      "content_type": 9,
      "object_id": "1",
      "object_repr": "1 - mohsen - Sample caption post",
      "action_flag": 2,
      "change_message": "[{\"changed\": {\"fields\": [\"Location\"]}}]"
    }
  },
  {
    "model": "admin.logentry",
    "pk": 61,
    "fields": {
      "action_time": "2022-03-31T08:34:13.774Z",
      "user": 1,
      "content_type": 9,
      "object_id": "1",
      "object_repr": "1 - mohsen - Sample caption post",
      "action_flag": 2,
      "change_message": "[{\"added\": {\"name\": \"Post Media\", \"object\": \"1 - mohsen - Sample caption post - Image\"}}, {\"added\": {\"name\": \"Post Media\", \"object\": \"1 - mohsen - Sample caption post - Image\"}}, {\"added\": {\"name\": \"Post Media\", \"object\": \"1 - mohsen - Sample caption post - Image\"}}]"
    }
  },
  {
    "model": "admin.logentry",
    "pk": 62,
    "fields": {
      "action_time": "2022-03-31T08:34:35.742Z",
      "user": 1,
      "content_type": 9,
      "object_id": "37",
      "object_repr": "37 - mohsen - Lorem ipsum dolor sit amet, vi",
      "action_flag": 2,
      "change_message": "[{\"changed\": {\"fields\": [\"Caption\"]}}, {\"added\": {\"name\": \"Post Media\", \"object\": \"37 - mohsen - Lorem ipsum dolor sit amet, vi - Image\"}}, {\"added\": {\"name\": \"Post Media\", \"object\": \"37 - mohsen - Lorem ipsum dolor sit amet, vi - Image\"}}]"
    }
  },
  {
    "model": "admin.logentry",
    "pk": 63,
    "fields": {
      "action_time": "2022-03-31T08:35:00.523Z",
      "user": 1,
      "content_type": 9,
      "object_id": "2",
      "object_repr": "2 - mohsen - Lorem ipsum dolor sit amet, vi",
      "action_flag": 2,
      "change_message": "[{\"changed\": {\"fields\": [\"Caption\"]}}, {\"added\": {\"name\": \"Post Media\", \"object\": \"2 - mohsen - Lorem ipsum dolor sit amet, vi - Image\"}}, {\"added\": {\"name\": \"Post Media\", \"object\": \"2 - mohsen - Lorem ipsum dolor sit amet, vi - Image\"}}, {\"added\": {\"name\": \"Post Media\", \"object\": \"2 - mohsen - Lorem ipsum dolor sit amet, vi - Image\"}}, {\"added\": {\"name\": \"Post Media\", \"object\": \"2 - mohsen - Lorem ipsum dolor sit amet, vi - Image\"}}]"
    }
  },
  {
    "model": "admin.logentry",
    "pk": 64,
    "fields": {
      "action_time": "2022-03-31T09:11:19.759Z",
      "user": 1,
      "content_type": 6,
      "object_id": "9",
      "object_repr": "mark",
      "action_flag": 2,
      "change_message": "[{\"changed\": {\"fields\": [\"Privacy\"]}}]"
    }
  },
  {
    "model": "admin.logentry",
    "pk": 65,
    "fields": {
      "action_time": "2022-03-31T09:11:27.888Z",
      "user": 1,
      "content_type": 6,
      "object_id": "2",
      "object_repr": "hossein",
      "action_flag": 2,
      "change_message": "[{\"changed\": {\"fields\": [\"Privacy\"]}}]"
    }
  },
  {
    "model": "admin.logentry",
    "pk": 66,
    "fields": {
      "action_time": "2022-03-31T09:11:34.011Z",
      "user": 1,
      "content_type": 6,
      "object_id": "7",
      "object_repr": "ahmad",
      "action_flag": 2,
      "change_message": "[{\"changed\": {\"fields\": [\"Privacy\"]}}]"
    }
  },
  {
    "model": "admin.logentry",
    "pk": 67,
    "fields": {
      "action_time": "2022-03-31T09:12:31.414Z",
      "user": 1,
      "content_type": 7,
      "object_id": "26",
      "object_repr": "mohsen >> ahmad | Accepted",
      "action_flag": 1,
      "change_message": "[{\"added\": {}}]"
    }
  },
  {
    "model": "admin.logentry",
    "pk": 68,
    "fields": {
      "action_time": "2022-03-31T09:12:39.402Z",
      "user": 1,
      "content_type": 7,
      "object_id": "26",
      "object_repr": "mohsen >> ahmad | Send",
      "action_flag": 2,
      "change_message": "[{\"changed\": {\"fields\": [\"Status request relation\"]}}]"
    }
  },
  {
    "model": "admin.logentry",
    "pk": 69,
    "fields": {
      "action_time": "2022-03-31T09:12:56.847Z",
      "user": 1,
      "content_type": 7,
      "object_id": "26",
      "object_repr": "mohsen >> ahmad | Accepted",
      "action_flag": 2,
      "change_message": "[{\"changed\": {\"fields\": [\"Status request relation\"]}}]"
    }
  },
  {
    "model": "admin.logentry",
    "pk": 70,
    "fields": {
      "action_time": "2022-03-31T09:13:20.340Z",
      "user": 1,
      "content_type": 7,
      "object_id": "26",
      "object_repr": "mohsen >> ahmad | Send",
      "action_flag": 2,
      "change_message": "[{\"changed\": {\"fields\": [\"Status request relation\"]}}]"
    }
  },
  {
    "model": "admin.logentry",
    "pk": 71,
    "fields": {
      "action_time": "2022-03-31T09:41:05.828Z",
      "user": 1,
      "content_type": 15,
      "object_id": "1",
      "object_repr": "hossein >> 37",
      "action_flag": 1,
      "change_message": "[{\"added\": {}}]"
    }
  },
  {
    "model": "admin.logentry",
    "pk": 72,
    "fields": {
      "action_time": "2022-03-31T10:36:07.821Z",
      "user": 1,
      "content_type": 15,
      "object_id": "2",
      "object_repr": "amir >> 37",
      "action_flag": 1,
      "change_message": "[{\"added\": {}}]"
    }
  },
  {
    "model": "admin.logentry",
    "pk": 73,
    "fields": {
      "action_time": "2022-03-31T10:45:20.485Z",
      "user": 1,
      "content_type": 14,
      "object_id": "37",
      "object_repr": "Comment NO #37",
      "action_flag": 1,
      "change_message": "[{\"added\": {}}]"
    }
  },
  {
    "model": "admin.logentry",
    "pk": 74,
    "fields": {
      "action_time": "2022-03-31T10:51:39.479Z",
      "user": 1,
      "content_type": 15,
      "object_id": "3",
      "object_repr": "ali >> 26",
      "action_flag": 1,
      "change_message": "[{\"added\": {}}]"
    }
  },
  {
    "model": "admin.logentry",
    "pk": 75,
    "fields": {
      "action_time": "2022-03-31T10:51:48.746Z",
      "user": 1,
      "content_type": 15,
      "object_id": "4",
      "object_repr": "ashly >> 26",
      "action_flag": 1,
      "change_message": "[{\"added\": {}}]"
    }
  },
  {
    "model": "admin.logentry",
    "pk": 76,
    "fields": {
      "action_time": "2022-03-31T10:52:00.240Z",
      "user": 1,
      "content_type": 15,
      "object_id": "5",
      "object_repr": "anna >> 26",
      "action_flag": 1,
      "change_message": "[{\"added\": {}}]"
    }
  },
  {
    "model": "admin.logentry",
    "pk": 77,
    "fields": {
      "action_time": "2022-03-31T10:52:15.706Z",
      "user": 1,
      "content_type": 15,
      "object_id": "6",
      "object_repr": "mohsen >> 26",
      "action_flag": 1,
      "change_message": "[{\"added\": {}}]"
    }
  },
  {
    "model": "admin.logentry",
    "pk": 78,
    "fields": {
      "action_time": "2022-03-31T11:21:32.520Z",
      "user": 1,
      "content_type": 14,
      "object_id": "38",
      "object_repr": "Reply In Comment NO #37",
      "action_flag": 1,
      "change_message": "[{\"added\": {}}]"
    }
  },
  {
    "model": "admin.logentry",
    "pk": 79,
    "fields": {
      "action_time": "2022-03-31T11:22:14.268Z",
      "user": 1,
      "content_type": 14,
      "object_id": "39",
      "object_repr": "Reply In Comment NO #37",
      "action_flag": 1,
      "change_message": "[{\"added\": {}}]"
    }
  },
  {
    "model": "admin.logentry",
    "pk": 80,
    "fields": {
      "action_time": "2022-03-31T11:24:59.552Z",
      "user": 1,
      "content_type": 15,
      "object_id": "7",
      "object_repr": "mohsen >> 37",
      "action_flag": 1,
      "change_message": "[{\"added\": {}}]"
    }
  },
  {
    "model": "admin.logentry",
    "pk": 81,
    "fields": {
      "action_time": "2022-03-31T19:01:32.116Z",
      "user": 1,
      "content_type": 9,
      "object_id": "107",
      "object_repr": "107 - mohsen - Sample Caption # 11",
      "action_flag": 2,
      "change_message": "[{\"changed\": {\"name\": \"Post Media\", \"object\": \"107 - mohsen - Sample Caption # 11 - Image\", \"fields\": [\"Media type\"]}}]"
    }
  },
  {
    "model": "admin.logentry",
    "pk": 82,
    "fields": {
      "action_time": "2022-04-01T11:00:55.619Z",
      "user": 1,
      "content_type": 7,
      "object_id": "27",
      "object_repr": "mohsen >> anna | Send",
      "action_flag": 3,
      "change_message": ""
    }
  },
  {
    "model": "admin.logentry",
    "pk": 83,
    "fields": {
      "action_time": "2022-04-01T11:00:55.789Z",
      "user": 1,
      "content_type": 7,
      "object_id": "24",
      "object_repr": "mohsen >> ashly | Send",
      "action_flag": 3,
      "change_message": ""
    }
  },
  {
    "model": "admin.logentry",
    "pk": 84,
    "fields": {
      "action_time": "2022-04-01T11:02:19.326Z",
      "user": 1,
      "content_type": 7,
      "object_id": "25",
      "object_repr": "mohsen >> anna | Accepted",
      "action_flag": 3,
      "change_message": ""
    }
  },
  {
    "model": "admin.logentry",
    "pk": 85,
    "fields": {
      "action_time": "2022-04-01T11:05:07.586Z",
      "user": 1,
      "content_type": 7,
      "object_id": "28",
      "object_repr": "mohsen >> anna | Send",
      "action_flag": 3,
      "change_message": ""
    }
  },
  {
    "model": "admin.logentry",
    "pk": 86,
    "fields": {
      "action_time": "2022-04-01T11:06:46.034Z",
      "user": 1,
      "content_type": 7,
      "object_id": "29",
      "object_repr": "mohsen >> anna | Send",
      "action_flag": 3,
      "change_message": ""
    }
  },
  {
    "model": "admin.logentry",
    "pk": 87,
    "fields": {
      "action_time": "2022-04-01T11:36:46.369Z",
      "user": 1,
      "content_type": 7,
      "object_id": "30",
      "object_repr": "mohsen >> anna | Send",
      "action_flag": 3,
      "change_message": ""
    }
  },
  {
    "model": "admin.logentry",
    "pk": 88,
    "fields": {
      "action_time": "2022-04-01T12:13:42.514Z",
      "user": 1,
      "content_type": 7,
      "object_id": "32",
      "object_repr": "mohsen >> mark | Accepted",
      "action_flag": 2,
      "change_message": "[{\"changed\": {\"fields\": [\"Status request relation\"]}}]"
    }
  },
  {
    "model": "admin.logentry",
    "pk": 89,
    "fields": {
      "action_time": "2022-04-01T12:28:23.740Z",
      "user": 1,
      "content_type": 7,
      "object_id": "17",
      "object_repr": "ali >> mohsen | Send",
      "action_flag": 2,
      "change_message": "[{\"changed\": {\"fields\": [\"Status request relation\"]}}]"
    }
  },
  {
    "model": "admin.logentry",
    "pk": 90,
    "fields": {
      "action_time": "2022-04-01T12:30:55.043Z",
      "user": 1,
      "content_type": 7,
      "object_id": "33",
      "object_repr": "ashly >> mohsen | Send",
      "action_flag": 1,
      "change_message": "[{\"added\": {}}]"
    }
  },
  {
    "model": "admin.logentry",
    "pk": 91,
    "fields": {
      "action_time": "2022-04-01T12:40:18.769Z",
      "user": 1,
      "content_type": 7,
      "object_id": "17",
      "object_repr": "ali >> mohsen | Send",
      "action_flag": 2,
      "change_message": "[{\"changed\": {\"fields\": [\"Status request relation\"]}}]"
    }
  },
  {
    "model": "admin.logentry",
    "pk": 92,
    "fields": {
      "action_time": "2022-04-03T14:00:42.457Z",
      "user": 1,
      "content_type": 7,
      "object_id": "26",
      "object_repr": "mohsen >> ahmad | Send",
      "action_flag": 3,
      "change_message": ""
    }
  },
  {
    "model": "admin.logentry",
    "pk": 93,
    "fields": {
      "action_time": "2022-04-03T14:01:10.434Z",
      "user": 1,
      "content_type": 7,
      "object_id": "34",
      "object_repr": "mohsen >> ahmad | Accepted",
      "action_flag": 1,
      "change_message": "[{\"added\": {}}]"
    }
  },
  {
    "model": "admin.logentry",
    "pk": 94,
    "fields": {
      "action_time": "2022-04-03T14:02:00.163Z",
      "user": 1,
      "content_type": 7,
      "object_id": "34",
      "object_repr": "mohsen >> ahmad | Send",
      "action_flag": 2,
      "change_message": "[{\"changed\": {\"fields\": [\"Status request relation\"]}}]"
    }
  },
  {
    "model": "admin.logentry",
    "pk": 95,
    "fields": {
      "action_time": "2022-04-03T14:26:46.697Z",
      "user": 1,
      "content_type": 14,
      "object_id": "56",
      "object_repr": "Comment NO #101",
      "action_flag": 1,
      "change_message": "[{\"added\": {}}]"
    }
  },
  {
    "model": "admin.logentry",
    "pk": 96,
    "fields": {
      "action_time": "2022-04-03T15:11:31.011Z",
      "user": 1,
      "content_type": 6,
      "object_id": "9",
      "object_repr": "mark",
      "action_flag": 2,
      "change_message": "[{\"changed\": {\"fields\": [\"Privacy\"]}}]"
    }
  },
  {
    "model": "admin.logentry",
    "pk": 97,
    "fields": {
      "action_time": "2022-04-03T15:54:49.700Z",
      "user": 1,
      "content_type": 7,
      "object_id": "35",
      "object_repr": "mohsen >> ali | Accepted",
      "action_flag": 2,
      "change_message": "[{\"changed\": {\"fields\": [\"Status request relation\"]}}]"
    }
  },
  {
    "model": "admin.logentry",
    "pk": 98,
    "fields": {
      "action_time": "2022-04-03T15:55:05.403Z",
      "user": 1,
      "content_type": 7,
      "object_id": "35",
      "object_repr": "mohsen >> ali | Send",
      "action_flag": 2,
      "change_message": "[{\"changed\": {\"fields\": [\"Status request relation\"]}}]"
    }
  },
  {
    "model": "admin.logentry",
    "pk": 99,
    "fields": {
      "action_time": "2022-04-03T15:58:45.035Z",
      "user": 1,
      "content_type": 7,
      "object_id": "36",
      "object_repr": "ali >> mohsen | Send",
      "action_flag": 1,
      "change_message": "[{\"added\": {}}]"
    }
  },
  {
    "model": "admin.logentry",
    "pk": 100,
    "fields": {
      "action_time": "2022-04-03T15:59:28.442Z",
      "user": 1,
      "content_type": 7,
      "object_id": "36",
      "object_repr": "ali >> mohsen | Send",
      "action_flag": 2,
      "change_message": "[{\"changed\": {\"fields\": [\"Status request relation\"]}}]"
    }
  },
  {
    "model": "admin.logentry",
    "pk": 101,
    "fields": {
      "action_time": "2022-04-03T16:00:10.809Z",
      "user": 1,
      "content_type": 7,
      "object_id": "31",
      "object_repr": "mohsen >> anna | Accepted",
      "action_flag": 2,
      "change_message": "[{\"changed\": {\"fields\": [\"Status request relation\"]}}]"
    }
  },
  {
    "model": "admin.logentry",
    "pk": 102,
    "fields": {
      "action_time": "2022-04-03T16:16:22.561Z",
      "user": 1,
      "content_type": 7,
      "object_id": "37",
      "object_repr": "anna >> mohsen | Send",
      "action_flag": 1,
      "change_message": "[{\"added\": {}}]"
    }
  },
  {
    "model": "auth.permission",
    "pk": 1,
    "fields": {
      "name": "Can add log entry",
      "content_type": 1,
      "codename": "add_logentry"
    }
  },
  {
    "model": "auth.permission",
    "pk": 2,
    "fields": {
      "name": "Can change log entry",
      "content_type": 1,
      "codename": "change_logentry"
    }
  },
  {
    "model": "auth.permission",
    "pk": 3,
    "fields": {
      "name": "Can delete log entry",
      "content_type": 1,
      "codename": "delete_logentry"
    }
  },
  {
    "model": "auth.permission",
    "pk": 4,
    "fields": {
      "name": "Can view log entry",
      "content_type": 1,
      "codename": "view_logentry"
    }
  },
  {
    "model": "auth.permission",
    "pk": 5,
    "fields": {
      "name": "Can add permission",
      "content_type": 2,
      "codename": "add_permission"
    }
  },
  {
    "model": "auth.permission",
    "pk": 6,
    "fields": {
      "name": "Can change permission",
      "content_type": 2,
      "codename": "change_permission"
    }
  },
  {
    "model": "auth.permission",
    "pk": 7,
    "fields": {
      "name": "Can delete permission",
      "content_type": 2,
      "codename": "delete_permission"
    }
  },
  {
    "model": "auth.permission",
    "pk": 8,
    "fields": {
      "name": "Can view permission",
      "content_type": 2,
      "codename": "view_permission"
    }
  },
  {
    "model": "auth.permission",
    "pk": 9,
    "fields": {
      "name": "Can add group",
      "content_type": 3,
      "codename": "add_group"
    }
  },
  {
    "model": "auth.permission",
    "pk": 10,
    "fields": {
      "name": "Can change group",
      "content_type": 3,
      "codename": "change_group"
    }
  },
  {
    "model": "auth.permission",
    "pk": 11,
    "fields": {
      "name": "Can delete group",
      "content_type": 3,
      "codename": "delete_group"
    }
  },
  {
    "model": "auth.permission",
    "pk": 12,
    "fields": {
      "name": "Can view group",
      "content_type": 3,
      "codename": "view_group"
    }
  },
  {
    "model": "auth.permission",
    "pk": 13,
    "fields": {
      "name": "Can add content type",
      "content_type": 4,
      "codename": "add_contenttype"
    }
  },
  {
    "model": "auth.permission",
    "pk": 14,
    "fields": {
      "name": "Can change content type",
      "content_type": 4,
      "codename": "change_contenttype"
    }
  },
  {
    "model": "auth.permission",
    "pk": 15,
    "fields": {
      "name": "Can delete content type",
      "content_type": 4,
      "codename": "delete_contenttype"
    }
  },
  {
    "model": "auth.permission",
    "pk": 16,
    "fields": {
      "name": "Can view content type",
      "content_type": 4,
      "codename": "view_contenttype"
    }
  },
  {
    "model": "auth.permission",
    "pk": 17,
    "fields": {
      "name": "Can add session",
      "content_type": 5,
      "codename": "add_session"
    }
  },
  {
    "model": "auth.permission",
    "pk": 18,
    "fields": {
      "name": "Can change session",
      "content_type": 5,
      "codename": "change_session"
    }
  },
  {
    "model": "auth.permission",
    "pk": 19,
    "fields": {
      "name": "Can delete session",
      "content_type": 5,
      "codename": "delete_session"
    }
  },
  {
    "model": "auth.permission",
    "pk": 20,
    "fields": {
      "name": "Can view session",
      "content_type": 5,
      "codename": "view_session"
    }
  },
  {
    "model": "auth.permission",
    "pk": 21,
    "fields": {
      "name": "Can add user",
      "content_type": 6,
      "codename": "add_user"
    }
  },
  {
    "model": "auth.permission",
    "pk": 22,
    "fields": {
      "name": "Can change user",
      "content_type": 6,
      "codename": "change_user"
    }
  },
  {
    "model": "auth.permission",
    "pk": 23,
    "fields": {
      "name": "Can delete user",
      "content_type": 6,
      "codename": "delete_user"
    }
  },
  {
    "model": "auth.permission",
    "pk": 24,
    "fields": {
      "name": "Can view user",
      "content_type": 6,
      "codename": "view_user"
    }
  },
  {
    "model": "auth.permission",
    "pk": 25,
    "fields": {
      "name": "Can add Relation",
      "content_type": 7,
      "codename": "add_relation"
    }
  },
  {
    "model": "auth.permission",
    "pk": 26,
    "fields": {
      "name": "Can change Relation",
      "content_type": 7,
      "codename": "change_relation"
    }
  },
  {
    "model": "auth.permission",
    "pk": 27,
    "fields": {
      "name": "Can delete Relation",
      "content_type": 7,
      "codename": "delete_relation"
    }
  },
  {
    "model": "auth.permission",
    "pk": 28,
    "fields": {
      "name": "Can view Relation",
      "content_type": 7,
      "codename": "view_relation"
    }
  },
  {
    "model": "auth.permission",
    "pk": 29,
    "fields": {
      "name": "Can add Location",
      "content_type": 8,
      "codename": "add_location"
    }
  },
  {
    "model": "auth.permission",
    "pk": 30,
    "fields": {
      "name": "Can change Location",
      "content_type": 8,
      "codename": "change_location"
    }
  },
  {
    "model": "auth.permission",
    "pk": 31,
    "fields": {
      "name": "Can delete Location",
      "content_type": 8,
      "codename": "delete_location"
    }
  },
  {
    "model": "auth.permission",
    "pk": 32,
    "fields": {
      "name": "Can view Location",
      "content_type": 8,
      "codename": "view_location"
    }
  },
  {
    "model": "auth.permission",
    "pk": 33,
    "fields": {
      "name": "Can add Post",
      "content_type": 9,
      "codename": "add_post"
    }
  },
  {
    "model": "auth.permission",
    "pk": 34,
    "fields": {
      "name": "Can change Post",
      "content_type": 9,
      "codename": "change_post"
    }
  },
  {
    "model": "auth.permission",
    "pk": 35,
    "fields": {
      "name": "Can delete Post",
      "content_type": 9,
      "codename": "delete_post"
    }
  },
  {
    "model": "auth.permission",
    "pk": 36,
    "fields": {
      "name": "Can view Post",
      "content_type": 9,
      "codename": "view_post"
    }
  },
  {
    "model": "auth.permission",
    "pk": 37,
    "fields": {
      "name": "Can add Post Media",
      "content_type": 10,
      "codename": "add_postmedia"
    }
  },
  {
    "model": "auth.permission",
    "pk": 38,
    "fields": {
      "name": "Can change Post Media",
      "content_type": 10,
      "codename": "change_postmedia"
    }
  },
  {
    "model": "auth.permission",
    "pk": 39,
    "fields": {
      "name": "Can delete Post Media",
      "content_type": 10,
      "codename": "delete_postmedia"
    }
  },
  {
    "model": "auth.permission",
    "pk": 40,
    "fields": {
      "name": "Can view Post Media",
      "content_type": 10,
      "codename": "view_postmedia"
    }
  },
  {
    "model": "auth.permission",
    "pk": 41,
    "fields": {
      "name": "Can add Post Tag",
      "content_type": 11,
      "codename": "add_posttag"
    }
  },
  {
    "model": "auth.permission",
    "pk": 42,
    "fields": {
      "name": "Can change Post Tag",
      "content_type": 11,
      "codename": "change_posttag"
    }
  },
  {
    "model": "auth.permission",
    "pk": 43,
    "fields": {
      "name": "Can delete Post Tag",
      "content_type": 11,
      "codename": "delete_posttag"
    }
  },
  {
    "model": "auth.permission",
    "pk": 44,
    "fields": {
      "name": "Can view Post Tag",
      "content_type": 11,
      "codename": "view_posttag"
    }
  },
  {
    "model": "auth.permission",
    "pk": 45,
    "fields": {
      "name": "Can add Tag",
      "content_type": 12,
      "codename": "add_tag"
    }
  },
  {
    "model": "auth.permission",
    "pk": 46,
    "fields": {
      "name": "Can change Tag",
      "content_type": 12,
      "codename": "change_tag"
    }
  },
  {
    "model": "auth.permission",
    "pk": 47,
    "fields": {
      "name": "Can delete Tag",
      "content_type": 12,
      "codename": "delete_tag"
    }
  },
  {
    "model": "auth.permission",
    "pk": 48,
    "fields": {
      "name": "Can view Tag",
      "content_type": 12,
      "codename": "view_tag"
    }
  },
  {
    "model": "auth.permission",
    "pk": 49,
    "fields": {
      "name": "Can add Tagged User",
      "content_type": 13,
      "codename": "add_taggeduser"
    }
  },
  {
    "model": "auth.permission",
    "pk": 50,
    "fields": {
      "name": "Can change Tagged User",
      "content_type": 13,
      "codename": "change_taggeduser"
    }
  },
  {
    "model": "auth.permission",
    "pk": 51,
    "fields": {
      "name": "Can delete Tagged User",
      "content_type": 13,
      "codename": "delete_taggeduser"
    }
  },
  {
    "model": "auth.permission",
    "pk": 52,
    "fields": {
      "name": "Can view Tagged User",
      "content_type": 13,
      "codename": "view_taggeduser"
    }
  },
  {
    "model": "auth.permission",
    "pk": 53,
    "fields": {
      "name": "Can add Comment",
      "content_type": 14,
      "codename": "add_comment"
    }
  },
  {
    "model": "auth.permission",
    "pk": 54,
    "fields": {
      "name": "Can change Comment",
      "content_type": 14,
      "codename": "change_comment"
    }
  },
  {
    "model": "auth.permission",
    "pk": 55,
    "fields": {
      "name": "Can delete Comment",
      "content_type": 14,
      "codename": "delete_comment"
    }
  },
  {
    "model": "auth.permission",
    "pk": 56,
    "fields": {
      "name": "Can view Comment",
      "content_type": 14,
      "codename": "view_comment"
    }
  },
  {
    "model": "auth.permission",
    "pk": 57,
    "fields": {
      "name": "Can add Like",
      "content_type": 15,
      "codename": "add_like"
    }
  },
  {
    "model": "auth.permission",
    "pk": 58,
    "fields": {
      "name": "Can change Like",
      "content_type": 15,
      "codename": "change_like"
    }
  },
  {
    "model": "auth.permission",
    "pk": 59,
    "fields": {
      "name": "Can delete Like",
      "content_type": 15,
      "codename": "delete_like"
    }
  },
  {
    "model": "auth.permission",
    "pk": 60,
    "fields": {
      "name": "Can view Like",
      "content_type": 15,
      "codename": "view_like"
    }
  },
  {
    "model": "contenttypes.contenttype",
    "pk": 1,
    "fields": {
      "app_label": "admin",
      "model": "logentry"
    }
  },
  {
    "model": "contenttypes.contenttype",
    "pk": 2,
    "fields": {
      "app_label": "auth",
      "model": "permission"
    }
  },
  {
    "model": "contenttypes.contenttype",
    "pk": 3,
    "fields": {
      "app_label": "auth",
      "model": "group"
    }
  },
  {
    "model": "contenttypes.contenttype",
    "pk": 4,
    "fields": {
      "app_label": "contenttypes",
      "model": "contenttype"
    }
  },
  {
    "model": "contenttypes.contenttype",
    "pk": 5,
    "fields": {
      "app_label": "sessions",
      "model": "session"
    }
  },
  {
    "model": "contenttypes.contenttype",
    "pk": 6,
    "fields": {
      "app_label": "user",
      "model": "user"
    }
  },
  {
    "model": "contenttypes.contenttype",
    "pk": 7,
    "fields": {
      "app_label": "relation",
      "model": "relation"
    }
  },
  {
    "model": "contenttypes.contenttype",
    "pk": 8,
    "fields": {
      "app_label": "location",
      "model": "location"
    }
  },
  {
    "model": "contenttypes.contenttype",
    "pk": 9,
    "fields": {
      "app_label": "content",
      "model": "post"
    }
  },
  {
    "model": "contenttypes.contenttype",
    "pk": 10,
    "fields": {
      "app_label": "content",
      "model": "postmedia"
    }
  },
  {
    "model": "contenttypes.contenttype",
    "pk": 11,
    "fields": {
      "app_label": "content",
      "model": "posttag"
    }
  },
  {
    "model": "contenttypes.contenttype",
    "pk": 12,
    "fields": {
      "app_label": "content",
      "model": "tag"
    }
  },
  {
    "model": "contenttypes.contenttype",
    "pk": 13,
    "fields": {
      "app_label": "content",
      "model": "taggeduser"
    }
  },
  {
    "model": "contenttypes.contenttype",
    "pk": 14,
    "fields": {
      "app_label": "activity",
      "model": "comment"
    }
  },
  {
    "model": "contenttypes.contenttype",
    "pk": 15,
    "fields": {
      "app_label": "activity",
      "model": "like"
    }
  },
  {
    "model": "sessions.session",
    "pk": "6nru19z2j6nqubn1kf81m0vhe7a56i2p",
    "fields": {
      "session_data": ".eJxVjEsOAiEQBe_C2hAaaAGX7ucMpJuPjJohmc_KeHedZBa6fVX1XiLStra4LWWOYxYXocXpd2NKjzLtIN9punWZ-rTOI8tdkQdd5NBzeV4P9--g0dK-dUW0jIDaWayq6gAcnEPvKAAwkQeTEmebfEHFVFwArSp4z-eS0Rjx_gDJ0jd1:1nXhfX:qACxxX5QuYLwjvsFNT_7f7vCjPgNK6IEFJyvigwLxBc",
      "expire_date": "2022-04-08T10:59:47.209Z"
    }
  },
  {
    "model": "sessions.session",
    "pk": "n66ifnikh4qnh7ca1bj0swrsb2xmumxj",
    "fields": {
      "session_data": "e30:1nXheP:bvQSWf_a99ATICI3I2rQ2McaTtSmvo6llsCPBr0PWf0",
      "expire_date": "2022-04-08T10:58:37.429Z"
    }
  },
  {
    "model": "sessions.session",
    "pk": "od7bkd8qshzo6774v2s1hr02bn7qitk6",
    "fields": {
      "session_data": ".eJxVjDsOwjAQBe_iGlnr-Aslfc5gre1dHECOFCcV4u4QKQW0b2beS0Tc1hq3TkucirgIJU6_W8L8oLaDcsd2m2We27pMSe6KPGiX41zoeT3cv4OKvX5rPzBYLMiDRuZsUjAcNKgzsDY6IBgi8D4DFesyO3IAwYIxyJk1K_H-APCJOCQ:1nXMLE:Dc0AqZp-VL8LtWThQOsyr0bo0c48BEQHs7n_tUJtMXI",
      "expire_date": "2022-04-07T12:13:24.592Z"
    }
  },
  {
    "model": "sessions.session",
    "pk": "rv5xep8vkdhix1yo0fb01lgrq7auhny2",
    "fields": {
      "session_data": ".eJxVjDsOwjAQBe_iGlnr-Aslfc5gre1dHECOFCcV4u4QKQW0b2beS0Tc1hq3TkucirgIJU6_W8L8oLaDcsd2m2We27pMSe6KPGiX41zoeT3cv4OKvX5rPzBYLMiDRuZsUjAcNKgzsDY6IBgi8D4DFesyO3IAwYIxyJk1K_H-APCJOCQ:1nXN5L:HHEI9rUYcEBJZXEi0XVATJLEb7ZPprQJuzFJa5Fth_4",
      "expire_date": "2022-04-07T13:01:03.458Z"
    }
  },
  {
    "model": "sessions.session",
    "pk": "t9xprss75woo3d6rioxbm7gi75b03a3e",
    "fields": {
      "session_data": ".eJxVjDsOwjAQBe_iGlnr-Aslfc5gre1dHECOFCcV4u4QKQW0b2beS0Tc1hq3TkucirgIJU6_W8L8oLaDcsd2m2We27pMSe6KPGiX41zoeT3cv4OKvX5rPzBYLMiDRuZsUjAcNKgzsDY6IBgi8D4DFesyO3IAwYIxyJk1K_H-APCJOCQ:1nXkml:HTDL61ALgg20145CSslbQzPaG0VICPXrCp-78qCCu1c",
      "expire_date": "2022-04-08T14:19:27.710Z"
    }
  },
  {
    "model": "sessions.session",
    "pk": "w8od4junnulja21zfe44y2qezhehvjaq",
    "fields": {
      "session_data": ".eJxVjDsOwjAQBe_iGlnr-Aslfc5gre1dHECOFCcV4u4QKQW0b2beS0Tc1hq3TkucirgIJU6_W8L8oLaDcsd2m2We27pMSe6KPGiX41zoeT3cv4OKvX5rPzBYLMiDRuZsUjAcNKgzsDY6IBgi8D4DFesyO3IAwYIxyJk1K_H-APCJOCQ:1nbcc8:u51NxVFkEn7qCn1ngxCD14eIw7UEWMA5jAVQcrb4s_4",
      "expire_date": "2022-04-19T06:24:28.946Z"
    }
  },
  {
    "model": "user.user",
    "pk": 1,
    "fields": {
      "password": "pbkdf2_sha256$260000$G78Oi9wuT5ALF3Nz42aY0Y$ASU0jewozkldctxnmOEsczoxBjmqZiJCA74LdfUmW5w=",
      "last_login": "2022-04-05T06:24:28.887Z",
      "is_superuser": true,
      "username": "mohsen",
      "email": "me.mohsenazizi@gmail.com",
      "phone_number": "09213101870",
      "avatar": "users/avatar/profile.png",
      "bio": "New Bio in instagram ...",
      "privacy": 2,
      "website": "https://www.django-rest-framework.org/",
      "is_verified": true,
      "is_staff": true,
      "is_active": true,
      "date_joined": "2022-03-23T06:31:00Z",
      "groups": [],
      "user_permissions": []
    }
  },
  {
    "model": "user.user",
    "pk": 2,
    "fields": {
      "password": "pbkdf2_sha256$260000$iCsrdSqBqTRGiClRqeUBhb$vsmkwvS6+mnpiTw/QlwPbgrEjvdbd5SxOAx+Yhy+Oqo=",
      "last_login": "2022-03-25T10:59:47Z",
      "is_superuser": false,
      "username": "hossein",
      "email": "hossein@gmail.com",
      "phone_number": "",
      "avatar": "users/avatar/avatar_3MEU3MY.png",
      "bio": "My name is hoosein",
      "privacy": 2,
      "website": "https://www.django-rest-framework.org/",
      "is_verified": false,
      "is_staff": false,
      "is_active": true,
      "date_joined": "2022-03-23T07:28:56Z",
      "groups": [],
      "user_permissions": []
    }
  },
  {
    "model": "user.user",
    "pk": 3,
    "fields": {
      "password": "pbkdf2_sha256$260000$e7L4fKmK08UTmoQxGeuKxK$nvyArwP00k86WGxh2MkLCVbzvp9cPnLHiMBCLOSJGTg=",
      "last_login": null,
      "is_superuser": false,
      "username": "ali",
      "email": "ali@mail.com",
      "phone_number": "",
      "avatar": "users/avatar/avatar_XEnft76.png",
      "bio": "My name is ali.",
      "privacy": 1,
      "website": "https://www.django-rest-framework.org/",
      "is_verified": false,
      "is_staff": false,
      "is_active": true,
      "date_joined": "2022-03-24T11:34:20Z",
      "groups": [],
      "user_permissions": []
    }
  },
  {
    "model": "user.user",
    "pk": 4,
    "fields": {
      "password": "pbkdf2_sha256$260000$P697Lsv0UtA2ZGAIoRtoSG$AbYw0SX1aoGeqneG6Bd4y5hJB8ALOIcyWnb0NurPYX0=",
      "last_login": "2022-03-25T14:14:33Z",
      "is_superuser": false,
      "username": "amir",
      "email": "amir@mail.com",
      "phone_number": "",
      "avatar": "users/avatar/avatar_7nNePRQ.png",
      "bio": "",
      "privacy": 1,
      "website": "",
      "is_verified": false,
      "is_staff": false,
      "is_active": true,
      "date_joined": "2022-03-25T14:13:43Z",
      "groups": [],
      "user_permissions": []
    }
  },
  {
    "model": "user.user",
    "pk": 6,
    "fields": {
      "password": "pbkdf2_sha256$260000$mzBNce0nf0R5kIsdcaepVw$1j9dwBNMo4feRQ8rpOlUcZ9zPK1zcP+pAGJWhPod8Vw=",
      "last_login": null,
      "is_superuser": false,
      "username": "arash",
      "email": "arash@mail.com",
      "phone_number": "",
      "avatar": "sample/avatar.png",
      "bio": "",
      "privacy": 1,
      "website": "",
      "is_verified": false,
      "is_staff": false,
      "is_active": true,
      "date_joined": "2022-03-25T14:20:39.640Z",
      "groups": [],
      "user_permissions": []
    }
  },
  {
    "model": "user.user",
    "pk": 7,
    "fields": {
      "password": "pbkdf2_sha256$260000$yeKR1ZO9hLN828MySbqHlD$RMk7aCgob0SflKa1L1JdoJ7CKJqcbWgy9kjb5RpLXzI=",
      "last_login": null,
      "is_superuser": false,
      "username": "ahmad",
      "email": "ahmad@gmail.com",
      "phone_number": "",
      "avatar": "sample/avatar.png",
      "bio": "",
      "privacy": 2,
      "website": "",
      "is_verified": false,
      "is_staff": false,
      "is_active": true,
      "date_joined": "2022-03-26T05:44:10Z",
      "groups": [],
      "user_permissions": []
    }
  },
  {
    "model": "user.user",
    "pk": 8,
    "fields": {
      "password": "pbkdf2_sha256$260000$jKY5tdkp0tuDgRLIqCtfLV$hb9TZvP1oeSVdFcW/R+7h9aQ2FZkgirwPTKInhIM18E=",
      "last_login": null,
      "is_superuser": false,
      "username": "anna",
      "email": "anna.wick@gmail.com",
      "phone_number": "",
      "avatar": "sample/avatar.png",
      "bio": "",
      "privacy": 1,
      "website": "",
      "is_verified": false,
      "is_staff": false,
      "is_active": true,
      "date_joined": "2022-03-26T05:47:32.609Z",
      "groups": [],
      "user_permissions": []
    }
  },
  {
    "model": "user.user",
    "pk": 9,
    "fields": {
      "password": "pbkdf2_sha256$260000$wkVJu7M3WCzKTUW6dSs0w1$ov6hQ6krrYjEHkUUv09xIr+AJuyAHtiUQy8/aH/OCRw=",
      "last_login": null,
      "is_superuser": false,
      "username": "mark",
      "email": "mark@gmail.com",
      "phone_number": "",
      "avatar": "sample/avatar.png",
      "bio": "",
      "privacy": 1,
      "website": "",
      "is_verified": false,
      "is_staff": false,
      "is_active": true,
      "date_joined": "2022-03-26T06:15:14Z",
      "groups": [],
      "user_permissions": []
    }
  },
  {
    "model": "user.user",
    "pk": 10,
    "fields": {
      "password": "pbkdf2_sha256$260000$45Z3UINz85FfLO7YWmTznQ$cKglvT/Bm6nrMhtRZ1qnQ1iJyfD4Mo5yRT50dt2s3ok=",
      "last_login": null,
      "is_superuser": false,
      "username": "ashly",
      "email": "ashly@gmail.com",
      "phone_number": "",
      "avatar": "sample/avatar.png",
      "bio": "",
      "privacy": 1,
      "website": "",
      "is_verified": false,
      "is_staff": false,
      "is_active": true,
      "date_joined": "2022-03-26T06:16:44.699Z",
      "groups": [],
      "user_permissions": []
    }
  },
  {
    "model": "relation.relation",
    "pk": 18,
    "fields": {
      "created_time": "2022-03-25T10:41:43.940Z",
      "updated_time": "2022-03-25T16:40:29.588Z",
      "following": 2,
      "follower": 1,
      "status": 2
    }
  },
  {
    "model": "relation.relation",
    "pk": 22,
    "fields": {
      "created_time": "2022-03-25T13:44:02.722Z",
      "updated_time": "2022-03-29T15:10:00.453Z",
      "following": 1,
      "follower": 2,
      "status": 2
    }
  },
  {
    "model": "relation.relation",
    "pk": 33,
    "fields": {
      "created_time": "2022-04-01T12:30:55.041Z",
      "updated_time": "2022-04-01T12:39:54.946Z",
      "following": 10,
      "follower": 1,
      "status": 2
    }
  },
  {
    "model": "relation.relation",
    "pk": 34,
    "fields": {
      "created_time": "2022-04-03T14:01:10.363Z",
      "updated_time": "2022-04-03T14:02:00.035Z",
      "following": 1,
      "follower": 7,
      "status": 1
    }
  },
  {
    "model": "relation.relation",
    "pk": 35,
    "fields": {
      "created_time": "2022-04-03T15:54:00.597Z",
      "updated_time": "2022-04-03T15:55:05.348Z",
      "following": 1,
      "follower": 3,
      "status": 1
    }
  },
  {
    "model": "relation.relation",
    "pk": 37,
    "fields": {
      "created_time": "2022-04-03T16:16:22.559Z",
      "updated_time": "2022-04-03T16:16:22.559Z",
      "following": 8,
      "follower": 1,
      "status": 1
    }
  },
  {
    "model": "location.location",
    "pk": 1,
    "fields": {
      "created_time": "2022-03-31T07:21:42.669Z",
      "updated_time": "2022-03-31T07:21:42.669Z",
      "title": "Tehran",
      "points": {
        "lat": 123,
        "long": 123
      }
    }
  },
  {
    "model": "location.location",
    "pk": 2,
    "fields": {
      "created_time": "2022-03-31T07:21:55.019Z",
      "updated_time": "2022-03-31T07:21:55.019Z",
      "title": "Shiraz",
      "points": {
        "lat": 123,
        "long": 123
      }
    }
  },
  {
    "model": "location.location",
    "pk": 3,
    "fields": {
      "created_time": "2022-03-31T07:22:29.348Z",
      "updated_time": "2022-03-31T07:22:29.348Z",
      "title": "Isfahan",
      "points": {
        "lat": 123,
        "long": 123
      }
    }
  },
  {
    "model": "location.location",
    "pk": 4,
    "fields": {
      "created_time": "2022-03-31T07:22:37.989Z",
      "updated_time": "2022-03-31T07:22:37.989Z",
      "title": "Ahvaz",
      "points": {
        "lat": 123,
        "long": 123
      }
    }
  },
  {
    "model": "content.post",
    "pk": 1,
    "fields": {
      "created_time": "2022-03-30T09:12:08.895Z",
      "updated_time": "2022-03-31T08:34:13.770Z",
      "caption": "Sample caption post",
      "user": 1,
      "location": 1
    }
  },
  {
    "model": "content.post",
    "pk": 2,
    "fields": {
      "created_time": "2022-03-31T07:45:20.355Z",
      "updated_time": "2022-03-31T08:35:00.517Z",
      "caption": "Lorem ipsum dolor sit amet, vix omittam dissentias signiferumque ne, eos accusata percipitur ne.\r\nTe vero accusam duo, et mea laudem regione conclusionemque, no magna movet euismod nec. Agam antiopam usu ad, \r\nhis clita labitur molestie in. Errem petentium id vis. Et legere interesset est.",
      "user": 1,
      "location": 4
    }
  },
  {
    "model": "content.post",
    "pk": 3,
    "fields": {
      "created_time": "2022-03-31T07:45:44.117Z",
      "updated_time": "2022-03-31T07:45:44.117Z",
      "caption": "Lorem ipsum dolor sit amet, vix omittam dissentias signiferumque ne, eos accusata percipitur ne.\nTe vero accusam duo, et mea laudem regione conclusionemque, no magna movet euismod nec. Agam antiopam usu ad, \nhis clita labitur molestie in. Errem petentium id vis. Et legere interesset est.\n",
      "user": 3,
      "location": 3
    }
  },
  {
    "model": "content.post",
    "pk": 4,
    "fields": {
      "created_time": "2022-03-31T07:47:23.226Z",
      "updated_time": "2022-03-31T07:47:23.226Z",
      "caption": "Lorem ipsum dolor sit amet, vix omittam dissentias signiferumque ne, eos accusata percipitur ne.\nTe vero accusam duo, et mea laudem regione conclusionemque, no magna movet euismod nec. Agam antiopam usu ad, \nhis clita labitur molestie in. Errem petentium id vis. Et legere interesset est.\n",
      "user": 8,
      "location": 2
    }
  },
  {
    "model": "content.post",
    "pk": 5,
    "fields": {
      "created_time": "2022-03-31T07:53:10.395Z",
      "updated_time": "2022-03-31T07:53:10.395Z",
      "caption": "Lorem ipsum dolor sit amet, vix omittam dissentias signiferumque ne, eos accusata percipitur ne.\nTe vero accusam duo, et mea laudem regione conclusionemque, no magna movet euismod nec. Agam antiopam usu ad, \nhis clita labitur molestie in. Errem petentium id vis. Et legere interesset est.\n",
      "user": 3,
      "location": 2
    }
  },
  {
    "model": "content.post",
    "pk": 6,
    "fields": {
      "created_time": "2022-03-31T07:54:17.372Z",
      "updated_time": "2022-03-31T07:54:17.372Z",
      "caption": "Lorem ipsum dolor sit amet, vix omittam dissentias signiferumque ne, eos accusata percipitur ne.\nTe vero accusam duo, et mea laudem regione conclusionemque, no magna movet euismod nec. Agam antiopam usu ad, \nhis clita labitur molestie in. Errem petentium id vis. Et legere interesset est.\n",
      "user": 7,
      "location": 1
    }
  },
  {
    "model": "content.post",
    "pk": 7,
    "fields": {
      "created_time": "2022-03-31T07:54:24.112Z",
      "updated_time": "2022-03-31T07:54:24.112Z",
      "caption": "Lorem ipsum dolor sit amet, vix omittam dissentias signiferumque ne, eos accusata percipitur ne.\nTe vero accusam duo, et mea laudem regione conclusionemque, no magna movet euismod nec. Agam antiopam usu ad, \nhis clita labitur molestie in. Errem petentium id vis. Et legere interesset est.\n",
      "user": 1,
      "location": 1
    }
  },
  {
    "model": "content.post",
    "pk": 8,
    "fields": {
      "created_time": "2022-03-31T07:54:24.279Z",
      "updated_time": "2022-03-31T07:54:24.279Z",
      "caption": "Lorem ipsum dolor sit amet, vix omittam dissentias signiferumque ne, eos accusata percipitur ne.\nTe vero accusam duo, et mea laudem regione conclusionemque, no magna movet euismod nec. Agam antiopam usu ad, \nhis clita labitur molestie in. Errem petentium id vis. Et legere interesset est.\n",
      "user": 4,
      "location": 3
    }
  },
  {
    "model": "content.post",
    "pk": 9,
    "fields": {
      "created_time": "2022-03-31T07:54:24.328Z",
      "updated_time": "2022-03-31T07:54:24.329Z",
      "caption": "Lorem ipsum dolor sit amet, vix omittam dissentias signiferumque ne, eos accusata percipitur ne.\nTe vero accusam duo, et mea laudem regione conclusionemque, no magna movet euismod nec. Agam antiopam usu ad, \nhis clita labitur molestie in. Errem petentium id vis. Et legere interesset est.\n",
      "user": 2,
      "location": 2
    }
  },
  {
    "model": "content.post",
    "pk": 10,
    "fields": {
      "created_time": "2022-03-31T07:54:24.378Z",
      "updated_time": "2022-03-31T07:54:24.378Z",
      "caption": "Lorem ipsum dolor sit amet, vix omittam dissentias signiferumque ne, eos accusata percipitur ne.\nTe vero accusam duo, et mea laudem regione conclusionemque, no magna movet euismod nec. Agam antiopam usu ad, \nhis clita labitur molestie in. Errem petentium id vis. Et legere interesset est.\n",
      "user": 10,
      "location": 4
    }
  },
  {
    "model": "content.post",
    "pk": 11,
    "fields": {
      "created_time": "2022-03-31T07:54:24.427Z",
      "updated_time": "2022-03-31T07:54:24.427Z",
      "caption": "Lorem ipsum dolor sit amet, vix omittam dissentias signiferumque ne, eos accusata percipitur ne.\nTe vero accusam duo, et mea laudem regione conclusionemque, no magna movet euismod nec. Agam antiopam usu ad, \nhis clita labitur molestie in. Errem petentium id vis. Et legere interesset est.\n",
      "user": 4,
      "location": 2
    }
  },
  {
    "model": "content.post",
    "pk": 12,
    "fields": {
      "created_time": "2022-03-31T07:54:24.488Z",
      "updated_time": "2022-03-31T07:54:24.488Z",
      "caption": "Lorem ipsum dolor sit amet, vix omittam dissentias signiferumque ne, eos accusata percipitur ne.\nTe vero accusam duo, et mea laudem regione conclusionemque, no magna movet euismod nec. Agam antiopam usu ad, \nhis clita labitur molestie in. Errem petentium id vis. Et legere interesset est.\n",
      "user": 7,
      "location": 4
    }
  },
  {
    "model": "content.post",
    "pk": 13,
    "fields": {
      "created_time": "2022-03-31T07:54:24.537Z",
      "updated_time": "2022-03-31T07:54:24.537Z",
      "caption": "Lorem ipsum dolor sit amet, vix omittam dissentias signiferumque ne, eos accusata percipitur ne.\nTe vero accusam duo, et mea laudem regione conclusionemque, no magna movet euismod nec. Agam antiopam usu ad, \nhis clita labitur molestie in. Errem petentium id vis. Et legere interesset est.\n",
      "user": 4,
      "location": 4
    }
  },
  {
    "model": "content.post",
    "pk": 14,
    "fields": {
      "created_time": "2022-03-31T07:54:24.586Z",
      "updated_time": "2022-03-31T07:54:24.586Z",
      "caption": "Lorem ipsum dolor sit amet, vix omittam dissentias signiferumque ne, eos accusata percipitur ne.\nTe vero accusam duo, et mea laudem regione conclusionemque, no magna movet euismod nec. Agam antiopam usu ad, \nhis clita labitur molestie in. Errem petentium id vis. Et legere interesset est.\n",
      "user": 2,
      "location": 3
    }
  },
  {
    "model": "content.post",
    "pk": 15,
    "fields": {
      "created_time": "2022-03-31T07:54:24.636Z",
      "updated_time": "2022-03-31T07:54:24.636Z",
      "caption": "Lorem ipsum dolor sit amet, vix omittam dissentias signiferumque ne, eos accusata percipitur ne.\nTe vero accusam duo, et mea laudem regione conclusionemque, no magna movet euismod nec. Agam antiopam usu ad, \nhis clita labitur molestie in. Errem petentium id vis. Et legere interesset est.\n",
      "user": 7,
      "location": 3
    }
  },
  {
    "model": "content.post",
    "pk": 16,
    "fields": {
      "created_time": "2022-03-31T07:54:24.685Z",
      "updated_time": "2022-03-31T07:54:24.685Z",
      "caption": "Lorem ipsum dolor sit amet, vix omittam dissentias signiferumque ne, eos accusata percipitur ne.\nTe vero accusam duo, et mea laudem regione conclusionemque, no magna movet euismod nec. Agam antiopam usu ad, \nhis clita labitur molestie in. Errem petentium id vis. Et legere interesset est.\n",
      "user": 7,
      "location": 3
    }
  },
  {
    "model": "content.post",
    "pk": 17,
    "fields": {
      "created_time": "2022-03-31T07:54:32.492Z",
      "updated_time": "2022-03-31T07:54:32.492Z",
      "caption": "Lorem ipsum dolor sit amet, vix omittam dissentias signiferumque ne, eos accusata percipitur ne.\nTe vero accusam duo, et mea laudem regione conclusionemque, no magna movet euismod nec. Agam antiopam usu ad, \nhis clita labitur molestie in. Errem petentium id vis. Et legere interesset est.\n",
      "user": 3,
      "location": 2
    }
  },
  {
    "model": "content.post",
    "pk": 18,
    "fields": {
      "created_time": "2022-03-31T07:54:32.623Z",
      "updated_time": "2022-03-31T07:54:32.623Z",
      "caption": "Lorem ipsum dolor sit amet, vix omittam dissentias signiferumque ne, eos accusata percipitur ne.\nTe vero accusam duo, et mea laudem regione conclusionemque, no magna movet euismod nec. Agam antiopam usu ad, \nhis clita labitur molestie in. Errem petentium id vis. Et legere interesset est.\n",
      "user": 1,
      "location": 1
    }
  },
  {
    "model": "content.post",
    "pk": 19,
    "fields": {
      "created_time": "2022-03-31T07:56:37.408Z",
      "updated_time": "2022-03-31T07:56:37.408Z",
      "caption": "Lorem ipsum dolor sit amet, vix omittam dissentias signiferumque ne, eos accusata percipitur ne.\nTe vero accusam duo, et mea laudem regione conclusionemque, no magna movet euismod nec. Agam antiopam usu ad, \nhis clita labitur molestie in. Errem petentium id vis. Et legere interesset est.\n",
      "user": 1,
      "location": 4
    }
  },
  {
    "model": "content.post",
    "pk": 20,
    "fields": {
      "created_time": "2022-03-31T07:58:03.435Z",
      "updated_time": "2022-03-31T07:58:03.435Z",
      "caption": "Lorem ipsum dolor sit amet, vix omittam dissentias signiferumque ne, eos accusata percipitur ne.\nTe vero accusam duo, et mea laudem regione conclusionemque, no magna movet euismod nec. Agam antiopam usu ad, \nhis clita labitur molestie in. Errem petentium id vis. Et legere interesset est.\n",
      "user": 8,
      "location": 3
    }
  },
  {
    "model": "content.post",
    "pk": 21,
    "fields": {
      "created_time": "2022-03-31T07:58:27.093Z",
      "updated_time": "2022-03-31T07:58:27.093Z",
      "caption": "Lorem ipsum dolor sit amet, vix omittam dissentias signiferumque ne, eos accusata percipitur ne.\nTe vero accusam duo, et mea laudem regione conclusionemque, no magna movet euismod nec. Agam antiopam usu ad, \nhis clita labitur molestie in. Errem petentium id vis. Et legere interesset est.\n",
      "user": 7,
      "location": 2
    }
  },
  {
    "model": "content.post",
    "pk": 22,
    "fields": {
      "created_time": "2022-03-31T07:58:37.311Z",
      "updated_time": "2022-03-31T07:58:37.311Z",
      "caption": "Lorem ipsum dolor sit amet, vix omittam dissentias signiferumque ne, eos accusata percipitur ne.\nTe vero accusam duo, et mea laudem regione conclusionemque, no magna movet euismod nec. Agam antiopam usu ad, \nhis clita labitur molestie in. Errem petentium id vis. Et legere interesset est.\n",
      "user": 9,
      "location": 4
    }
  },
  {
    "model": "content.post",
    "pk": 23,
    "fields": {
      "created_time": "2022-03-31T07:58:50.649Z",
      "updated_time": "2022-03-31T07:58:50.649Z",
      "caption": "Lorem ipsum dolor sit amet, vix omittam dissentias signiferumque ne, eos accusata percipitur ne.\nTe vero accusam duo, et mea laudem regione conclusionemque, no magna movet euismod nec. Agam antiopam usu ad, \nhis clita labitur molestie in. Errem petentium id vis. Et legere interesset est.\n",
      "user": 4,
      "location": 3
    }
  },
  {
    "model": "content.post",
    "pk": 24,
    "fields": {
      "created_time": "2022-03-31T07:59:18.201Z",
      "updated_time": "2022-03-31T07:59:18.201Z",
      "caption": "Lorem ipsum dolor sit amet, vix omittam dissentias signiferumque ne, eos accusata percipitur ne.\nTe vero accusam duo, et mea laudem regione conclusionemque, no magna movet euismod nec. Agam antiopam usu ad, \nhis clita labitur molestie in. Errem petentium id vis. Et legere interesset est.\n",
      "user": 7,
      "location": 2
    }
  },
  {
    "model": "content.post",
    "pk": 25,
    "fields": {
      "created_time": "2022-03-31T07:59:44.734Z",
      "updated_time": "2022-03-31T07:59:44.734Z",
      "caption": "Lorem ipsum dolor sit amet, vix omittam dissentias signiferumque ne, eos accusata percipitur ne.\nTe vero accusam duo, et mea laudem regione conclusionemque, no magna movet euismod nec. Agam antiopam usu ad, \nhis clita labitur molestie in. Errem petentium id vis. Et legere interesset est.\n",
      "user": 1,
      "location": 4
    }
  },
  {
    "model": "content.post",
    "pk": 26,
    "fields": {
      "created_time": "2022-03-31T07:59:47.248Z",
      "updated_time": "2022-03-31T07:59:47.248Z",
      "caption": "Lorem ipsum dolor sit amet, vix omittam dissentias signiferumque ne, eos accusata percipitur ne.\nTe vero accusam duo, et mea laudem regione conclusionemque, no magna movet euismod nec. Agam antiopam usu ad, \nhis clita labitur molestie in. Errem petentium id vis. Et legere interesset est.\n",
      "user": 8,
      "location": 2
    }
  },
  {
    "model": "content.post",
    "pk": 27,
    "fields": {
      "created_time": "2022-03-31T07:59:49.620Z",
      "updated_time": "2022-03-31T07:59:49.620Z",
      "caption": "Lorem ipsum dolor sit amet, vix omittam dissentias signiferumque ne, eos accusata percipitur ne.\nTe vero accusam duo, et mea laudem regione conclusionemque, no magna movet euismod nec. Agam antiopam usu ad, \nhis clita labitur molestie in. Errem petentium id vis. Et legere interesset est.\n",
      "user": 1,
      "location": 3
    }
  },
  {
    "model": "content.post",
    "pk": 28,
    "fields": {
      "created_time": "2022-03-31T07:59:50.978Z",
      "updated_time": "2022-03-31T07:59:50.979Z",
      "caption": "Lorem ipsum dolor sit amet, vix omittam dissentias signiferumque ne, eos accusata percipitur ne.\nTe vero accusam duo, et mea laudem regione conclusionemque, no magna movet euismod nec. Agam antiopam usu ad, \nhis clita labitur molestie in. Errem petentium id vis. Et legere interesset est.\n",
      "user": 10,
      "location": 1
    }
  },
  {
    "model": "content.post",
    "pk": 29,
    "fields": {
      "created_time": "2022-03-31T08:00:43.461Z",
      "updated_time": "2022-03-31T08:00:43.461Z",
      "caption": "Lorem ipsum dolor sit amet, vix omittam dissentias signiferumque ne, eos accusata percipitur ne.\nTe vero accusam duo, et mea laudem regione conclusionemque, no magna movet euismod nec. Agam antiopam usu ad, \nhis clita labitur molestie in. Errem petentium id vis. Et legere interesset est.\n",
      "user": 10,
      "location": 4
    }
  },
  {
    "model": "content.post",
    "pk": 30,
    "fields": {
      "created_time": "2022-03-31T08:00:45.609Z",
      "updated_time": "2022-03-31T08:00:45.609Z",
      "caption": "Lorem ipsum dolor sit amet, vix omittam dissentias signiferumque ne, eos accusata percipitur ne.\nTe vero accusam duo, et mea laudem regione conclusionemque, no magna movet euismod nec. Agam antiopam usu ad, \nhis clita labitur molestie in. Errem petentium id vis. Et legere interesset est.\n",
      "user": 7,
      "location": 4
    }
  },
  {
    "model": "content.post",
    "pk": 31,
    "fields": {
      "created_time": "2022-03-31T08:01:08.630Z",
      "updated_time": "2022-03-31T08:01:08.630Z",
      "caption": "Lorem ipsum dolor sit amet, vix omittam dissentias signiferumque ne, eos accusata percipitur ne.\nTe vero accusam duo, et mea laudem regione conclusionemque, no magna movet euismod nec. Agam antiopam usu ad, \nhis clita labitur molestie in. Errem petentium id vis. Et legere interesset est.\n",
      "user": 9,
      "location": 3
    }
  },
  {
    "model": "content.post",
    "pk": 32,
    "fields": {
      "created_time": "2022-03-31T08:04:28.880Z",
      "updated_time": "2022-03-31T08:04:28.880Z",
      "caption": "Lorem ipsum dolor sit amet, vix omittam dissentias signiferumque ne, eos accusata percipitur ne.\nTe vero accusam duo, et mea laudem regione conclusionemque, no magna movet euismod nec. Agam antiopam usu ad, \nhis clita labitur molestie in. Errem petentium id vis. Et legere interesset est.\n",
      "user": 1,
      "location": 2
    }
  },
  {
    "model": "content.post",
    "pk": 33,
    "fields": {
      "created_time": "2022-03-31T08:04:48.834Z",
      "updated_time": "2022-03-31T08:04:48.834Z",
      "caption": "Lorem ipsum dolor sit amet, vix omittam dissentias signiferumque ne, eos accusata percipitur ne.\nTe vero accusam duo, et mea laudem regione conclusionemque, no magna movet euismod nec. Agam antiopam usu ad, \nhis clita labitur molestie in. Errem petentium id vis. Et legere interesset est.\n",
      "user": 7,
      "location": 2
    }
  },
  {
    "model": "content.post",
    "pk": 34,
    "fields": {
      "created_time": "2022-03-31T08:07:30.336Z",
      "updated_time": "2022-03-31T08:07:30.336Z",
      "caption": "Lorem ipsum dolor sit amet, vix omittam dissentias signiferumque ne, eos accusata percipitur ne.\nTe vero accusam duo, et mea laudem regione conclusionemque, no magna movet euismod nec. Agam antiopam usu ad, \nhis clita labitur molestie in. Errem petentium id vis. Et legere interesset est.\n",
      "user": 9,
      "location": 1
    }
  },
  {
    "model": "content.post",
    "pk": 35,
    "fields": {
      "created_time": "2022-03-31T08:08:35.686Z",
      "updated_time": "2022-03-31T08:08:35.686Z",
      "caption": "Lorem ipsum dolor sit amet, vix omittam dissentias signiferumque ne, eos accusata percipitur ne.\nTe vero accusam duo, et mea laudem regione conclusionemque, no magna movet euismod nec. Agam antiopam usu ad, \nhis clita labitur molestie in. Errem petentium id vis. Et legere interesset est.\n",
      "user": 2,
      "location": 2
    }
  },
  {
    "model": "content.post",
    "pk": 36,
    "fields": {
      "created_time": "2022-03-31T08:08:44.607Z",
      "updated_time": "2022-03-31T08:08:44.607Z",
      "caption": "Lorem ipsum dolor sit amet, vix omittam dissentias signiferumque ne, eos accusata percipitur ne.\nTe vero accusam duo, et mea laudem regione conclusionemque, no magna movet euismod nec. Agam antiopam usu ad, \nhis clita labitur molestie in. Errem petentium id vis. Et legere interesset est.\n",
      "user": 9,
      "location": 3
    }
  },
  {
    "model": "content.post",
    "pk": 37,
    "fields": {
      "created_time": "2022-03-31T08:13:03.614Z",
      "updated_time": "2022-03-31T08:34:35.738Z",
      "caption": "Lorem ipsum dolor sit amet, vix omittam dissentias signiferumque ne, eos accusata percipitur ne.\r\nTe vero accusam duo, et mea laudem regione conclusionemque, no magna movet euismod nec. Agam antiopam usu ad, \r\nhis clita labitur molestie in. Errem petentium id vis. Et legere interesset est.",
      "user": 1,
      "location": 3
    }
  },
  {
    "model": "content.post",
    "pk": 38,
    "fields": {
      "created_time": "2022-03-31T08:13:09.144Z",
      "updated_time": "2022-03-31T08:13:09.144Z",
      "caption": "Lorem ipsum dolor sit amet, vix omittam dissentias signiferumque ne, eos accusata percipitur ne.\nTe vero accusam duo, et mea laudem regione conclusionemque, no magna movet euismod nec. Agam antiopam usu ad, \nhis clita labitur molestie in. Errem petentium id vis. Et legere interesset est.\n",
      "user": 3,
      "location": 2
    }
  },
  {
    "model": "content.post",
    "pk": 39,
    "fields": {
      "created_time": "2022-03-31T08:13:10.070Z",
      "updated_time": "2022-03-31T08:13:10.070Z",
      "caption": "Lorem ipsum dolor sit amet, vix omittam dissentias signiferumque ne, eos accusata percipitur ne.\nTe vero accusam duo, et mea laudem regione conclusionemque, no magna movet euismod nec. Agam antiopam usu ad, \nhis clita labitur molestie in. Errem petentium id vis. Et legere interesset est.\n",
      "user": 4,
      "location": 2
    }
  },
  {
    "model": "content.post",
    "pk": 40,
    "fields": {
      "created_time": "2022-03-31T08:13:10.723Z",
      "updated_time": "2022-03-31T08:13:10.723Z",
      "caption": "Lorem ipsum dolor sit amet, vix omittam dissentias signiferumque ne, eos accusata percipitur ne.\nTe vero accusam duo, et mea laudem regione conclusionemque, no magna movet euismod nec. Agam antiopam usu ad, \nhis clita labitur molestie in. Errem petentium id vis. Et legere interesset est.\n",
      "user": 2,
      "location": 2
    }
  },
  {
    "model": "content.post",
    "pk": 41,
    "fields": {
      "created_time": "2022-03-31T08:13:11.999Z",
      "updated_time": "2022-03-31T08:13:11.999Z",
      "caption": "Lorem ipsum dolor sit amet, vix omittam dissentias signiferumque ne, eos accusata percipitur ne.\nTe vero accusam duo, et mea laudem regione conclusionemque, no magna movet euismod nec. Agam antiopam usu ad, \nhis clita labitur molestie in. Errem petentium id vis. Et legere interesset est.\n",
      "user": 7,
      "location": 2
    }
  },
  {
    "model": "content.post",
    "pk": 42,
    "fields": {
      "created_time": "2022-03-31T08:13:12.625Z",
      "updated_time": "2022-03-31T08:13:12.625Z",
      "caption": "Lorem ipsum dolor sit amet, vix omittam dissentias signiferumque ne, eos accusata percipitur ne.\nTe vero accusam duo, et mea laudem regione conclusionemque, no magna movet euismod nec. Agam antiopam usu ad, \nhis clita labitur molestie in. Errem petentium id vis. Et legere interesset est.\n",
      "user": 7,
      "location": 3
    }
  },
  {
    "model": "content.post",
    "pk": 43,
    "fields": {
      "created_time": "2022-03-31T08:13:13.033Z",
      "updated_time": "2022-03-31T08:13:13.033Z",
      "caption": "Lorem ipsum dolor sit amet, vix omittam dissentias signiferumque ne, eos accusata percipitur ne.\nTe vero accusam duo, et mea laudem regione conclusionemque, no magna movet euismod nec. Agam antiopam usu ad, \nhis clita labitur molestie in. Errem petentium id vis. Et legere interesset est.\n",
      "user": 4,
      "location": 3
    }
  },
  {
    "model": "content.post",
    "pk": 44,
    "fields": {
      "created_time": "2022-03-31T08:13:13.384Z",
      "updated_time": "2022-03-31T08:13:13.384Z",
      "caption": "Lorem ipsum dolor sit amet, vix omittam dissentias signiferumque ne, eos accusata percipitur ne.\nTe vero accusam duo, et mea laudem regione conclusionemque, no magna movet euismod nec. Agam antiopam usu ad, \nhis clita labitur molestie in. Errem petentium id vis. Et legere interesset est.\n",
      "user": 6,
      "location": 3
    }
  },
  {
    "model": "content.post",
    "pk": 45,
    "fields": {
      "created_time": "2022-03-31T08:13:13.607Z",
      "updated_time": "2022-03-31T08:13:13.607Z",
      "caption": "Lorem ipsum dolor sit amet, vix omittam dissentias signiferumque ne, eos accusata percipitur ne.\nTe vero accusam duo, et mea laudem regione conclusionemque, no magna movet euismod nec. Agam antiopam usu ad, \nhis clita labitur molestie in. Errem petentium id vis. Et legere interesset est.\n",
      "user": 7,
      "location": 1
    }
  },
  {
    "model": "content.post",
    "pk": 46,
    "fields": {
      "created_time": "2022-03-31T08:13:13.805Z",
      "updated_time": "2022-03-31T08:13:13.805Z",
      "caption": "Lorem ipsum dolor sit amet, vix omittam dissentias signiferumque ne, eos accusata percipitur ne.\nTe vero accusam duo, et mea laudem regione conclusionemque, no magna movet euismod nec. Agam antiopam usu ad, \nhis clita labitur molestie in. Errem petentium id vis. Et legere interesset est.\n",
      "user": 9,
      "location": 4
    }
  },
  {
    "model": "content.post",
    "pk": 47,
    "fields": {
      "created_time": "2022-03-31T08:13:13.876Z",
      "updated_time": "2022-03-31T08:13:13.876Z",
      "caption": "Lorem ipsum dolor sit amet, vix omittam dissentias signiferumque ne, eos accusata percipitur ne.\nTe vero accusam duo, et mea laudem regione conclusionemque, no magna movet euismod nec. Agam antiopam usu ad, \nhis clita labitur molestie in. Errem petentium id vis. Et legere interesset est.\n",
      "user": 9,
      "location": 1
    }
  },
  {
    "model": "content.post",
    "pk": 48,
    "fields": {
      "created_time": "2022-03-31T08:13:13.995Z",
      "updated_time": "2022-03-31T08:13:13.995Z",
      "caption": "Lorem ipsum dolor sit amet, vix omittam dissentias signiferumque ne, eos accusata percipitur ne.\nTe vero accusam duo, et mea laudem regione conclusionemque, no magna movet euismod nec. Agam antiopam usu ad, \nhis clita labitur molestie in. Errem petentium id vis. Et legere interesset est.\n",
      "user": 2,
      "location": 2
    }
  },
  {
    "model": "content.post",
    "pk": 49,
    "fields": {
      "created_time": "2022-03-31T08:13:14.507Z",
      "updated_time": "2022-03-31T08:13:14.507Z",
      "caption": "Lorem ipsum dolor sit amet, vix omittam dissentias signiferumque ne, eos accusata percipitur ne.\nTe vero accusam duo, et mea laudem regione conclusionemque, no magna movet euismod nec. Agam antiopam usu ad, \nhis clita labitur molestie in. Errem petentium id vis. Et legere interesset est.\n",
      "user": 4,
      "location": 1
    }
  },
  {
    "model": "content.post",
    "pk": 50,
    "fields": {
      "created_time": "2022-03-31T08:13:14.751Z",
      "updated_time": "2022-03-31T08:13:14.751Z",
      "caption": "Lorem ipsum dolor sit amet, vix omittam dissentias signiferumque ne, eos accusata percipitur ne.\nTe vero accusam duo, et mea laudem regione conclusionemque, no magna movet euismod nec. Agam antiopam usu ad, \nhis clita labitur molestie in. Errem petentium id vis. Et legere interesset est.\n",
      "user": 2,
      "location": 2
    }
  },
  {
    "model": "content.post",
    "pk": 51,
    "fields": {
      "created_time": "2022-03-31T08:13:15.330Z",
      "updated_time": "2022-03-31T08:13:15.331Z",
      "caption": "Lorem ipsum dolor sit amet, vix omittam dissentias signiferumque ne, eos accusata percipitur ne.\nTe vero accusam duo, et mea laudem regione conclusionemque, no magna movet euismod nec. Agam antiopam usu ad, \nhis clita labitur molestie in. Errem petentium id vis. Et legere interesset est.\n",
      "user": 10,
      "location": 4
    }
  },
  {
    "model": "content.post",
    "pk": 52,
    "fields": {
      "created_time": "2022-03-31T08:13:15.856Z",
      "updated_time": "2022-03-31T08:13:15.856Z",
      "caption": "Lorem ipsum dolor sit amet, vix omittam dissentias signiferumque ne, eos accusata percipitur ne.\nTe vero accusam duo, et mea laudem regione conclusionemque, no magna movet euismod nec. Agam antiopam usu ad, \nhis clita labitur molestie in. Errem petentium id vis. Et legere interesset est.\n",
      "user": 9,
      "location": 3
    }
  },
  {
    "model": "content.post",
    "pk": 53,
    "fields": {
      "created_time": "2022-03-31T12:05:31.097Z",
      "updated_time": "2022-03-31T12:05:31.097Z",
      "caption": "Sample Caption",
      "user": 1,
      "location": 1
    }
  },
  {
    "model": "content.post",
    "pk": 54,
    "fields": {
      "created_time": "2022-03-31T12:14:44.815Z",
      "updated_time": "2022-03-31T12:14:44.815Z",
      "caption": "Sample Caption",
      "user": 1,
      "location": 1
    }
  },
  {
    "model": "content.post",
    "pk": 55,
    "fields": {
      "created_time": "2022-03-31T12:35:48.762Z",
      "updated_time": "2022-03-31T12:35:48.762Z",
      "caption": "Sample Caption",
      "user": 1,
      "location": 1
    }
  },
  {
    "model": "content.post",
    "pk": 56,
    "fields": {
      "created_time": "2022-03-31T12:37:18.711Z",
      "updated_time": "2022-03-31T12:37:18.711Z",
      "caption": "Sample Caption",
      "user": 1,
      "location": 1
    }
  },
  {
    "model": "content.post",
    "pk": 57,
    "fields": {
      "created_time": "2022-03-31T12:39:59.961Z",
      "updated_time": "2022-03-31T12:39:59.961Z",
      "caption": "Sample Caption #2",
      "user": 1,
      "location": 1
    }
  },
  {
    "model": "content.post",
    "pk": 58,
    "fields": {
      "created_time": "2022-03-31T12:43:42.737Z",
      "updated_time": "2022-03-31T12:43:42.737Z",
      "caption": "Sample Caption #3",
      "user": 1,
      "location": 2
    }
  },
  {
    "model": "content.post",
    "pk": 59,
    "fields": {
      "created_time": "2022-03-31T12:44:43.041Z",
      "updated_time": "2022-03-31T12:44:43.041Z",
      "caption": "Sample Caption #3",
      "user": 1,
      "location": 2
    }
  },
  {
    "model": "content.post",
    "pk": 60,
    "fields": {
      "created_time": "2022-03-31T13:25:01.168Z",
      "updated_time": "2022-03-31T13:25:01.168Z",
      "caption": "Sample Caption #4",
      "user": 1,
      "location": 3
    }
  },
  {
    "model": "content.post",
    "pk": 61,
    "fields": {
      "created_time": "2022-03-31T13:25:23.347Z",
      "updated_time": "2022-03-31T13:25:23.347Z",
      "caption": "Sample Caption #6",
      "user": 1,
      "location": 2
    }
  },
  {
    "model": "content.post",
    "pk": 62,
    "fields": {
      "created_time": "2022-03-31T17:45:24.760Z",
      "updated_time": "2022-03-31T17:45:24.760Z",
      "caption": "Sample Caption #4",
      "user": 1,
      "location": 3
    }
  },
  {
    "model": "content.post",
    "pk": 63,
    "fields": {
      "created_time": "2022-03-31T17:46:05.660Z",
      "updated_time": "2022-03-31T17:46:05.660Z",
      "caption": "Sample Caption #4",
      "user": 1,
      "location": 3
    }
  },
  {
    "model": "content.post",
    "pk": 64,
    "fields": {
      "created_time": "2022-03-31T17:47:10.721Z",
      "updated_time": "2022-03-31T17:47:10.721Z",
      "caption": "Sample Caption #4",
      "user": 1,
      "location": 3
    }
  },
  {
    "model": "content.post",
    "pk": 65,
    "fields": {
      "created_time": "2022-03-31T17:49:52.429Z",
      "updated_time": "2022-03-31T17:49:52.429Z",
      "caption": "Sample Caption #4",
      "user": 1,
      "location": 3
    }
  },
  {
    "model": "content.post",
    "pk": 66,
    "fields": {
      "created_time": "2022-03-31T17:50:27.926Z",
      "updated_time": "2022-03-31T17:50:27.926Z",
      "caption": "Sample Caption #4",
      "user": 1,
      "location": 3
    }
  },
  {
    "model": "content.post",
    "pk": 67,
    "fields": {
      "created_time": "2022-03-31T17:52:40.942Z",
      "updated_time": "2022-03-31T17:52:40.942Z",
      "caption": "Sample Caption #4",
      "user": 1,
      "location": 3
    }
  },
  {
    "model": "content.post",
    "pk": 68,
    "fields": {
      "created_time": "2022-03-31T17:52:52.203Z",
      "updated_time": "2022-03-31T17:52:52.203Z",
      "caption": "Sample Caption #4",
      "user": 1,
      "location": 3
    }
  },
  {
    "model": "content.post",
    "pk": 69,
    "fields": {
      "created_time": "2022-03-31T17:53:19.019Z",
      "updated_time": "2022-03-31T17:53:19.019Z",
      "caption": "Sample Caption #4",
      "user": 1,
      "location": 3
    }
  },
  {
    "model": "content.post",
    "pk": 70,
    "fields": {
      "created_time": "2022-03-31T17:53:28.761Z",
      "updated_time": "2022-03-31T17:53:28.761Z",
      "caption": "Sample Caption #4",
      "user": 1,
      "location": 3
    }
  },
  {
    "model": "content.post",
    "pk": 71,
    "fields": {
      "created_time": "2022-03-31T17:55:14.508Z",
      "updated_time": "2022-03-31T17:55:14.508Z",
      "caption": "Sample Caption #4",
      "user": 1,
      "location": 3
    }
  },
  {
    "model": "content.post",
    "pk": 72,
    "fields": {
      "created_time": "2022-03-31T17:56:07.151Z",
      "updated_time": "2022-03-31T17:56:07.151Z",
      "caption": "Sample Caption #4",
      "user": 1,
      "location": 3
    }
  },
  {
    "model": "content.post",
    "pk": 73,
    "fields": {
      "created_time": "2022-03-31T17:58:42.589Z",
      "updated_time": "2022-03-31T17:58:42.589Z",
      "caption": "",
      "user": 1,
      "location": null
    }
  },
  {
    "model": "content.post",
    "pk": 74,
    "fields": {
      "created_time": "2022-03-31T18:00:18.625Z",
      "updated_time": "2022-03-31T18:00:18.625Z",
      "caption": "Sample Caption #7",
      "user": 1,
      "location": 4
    }
  },
  {
    "model": "content.post",
    "pk": 75,
    "fields": {
      "created_time": "2022-03-31T18:00:43.277Z",
      "updated_time": "2022-03-31T18:00:43.277Z",
      "caption": "Sample Caption #7",
      "user": 1,
      "location": 4
    }
  },
  {
    "model": "content.post",
    "pk": 76,
    "fields": {
      "created_time": "2022-03-31T18:01:03.234Z",
      "updated_time": "2022-03-31T18:01:03.234Z",
      "caption": "Sample Caption #7",
      "user": 1,
      "location": 4
    }
  },
  {
    "model": "content.post",
    "pk": 77,
    "fields": {
      "created_time": "2022-03-31T18:01:45.186Z",
      "updated_time": "2022-03-31T18:01:45.186Z",
      "caption": "Sample Caption # 10",
      "user": 1,
      "location": 1
    }
  },
  {
    "model": "content.post",
    "pk": 78,
    "fields": {
      "created_time": "2022-03-31T18:01:54.906Z",
      "updated_time": "2022-03-31T18:01:54.906Z",
      "caption": "Sample Caption # 10",
      "user": 1,
      "location": 1
    }
  },
  {
    "model": "content.post",
    "pk": 79,
    "fields": {
      "created_time": "2022-03-31T18:02:08.430Z",
      "updated_time": "2022-03-31T18:02:08.430Z",
      "caption": "Sample Caption # 10",
      "user": 1,
      "location": 1
    }
  },
  {
    "model": "content.post",
    "pk": 80,
    "fields": {
      "created_time": "2022-03-31T18:04:59.068Z",
      "updated_time": "2022-03-31T18:04:59.068Z",
      "caption": "Sample Caption # 10",
      "user": 1,
      "location": 1
    }
  },
  {
    "model": "content.post",
    "pk": 81,
    "fields": {
      "created_time": "2022-03-31T18:08:28.098Z",
      "updated_time": "2022-03-31T18:08:28.098Z",
      "caption": "Sample Caption # 10",
      "user": 1,
      "location": 1
    }
  },
  {
    "model": "content.post",
    "pk": 82,
    "fields": {
      "created_time": "2022-03-31T18:12:58.245Z",
      "updated_time": "2022-03-31T18:12:58.245Z",
      "caption": "Sample Caption # 10",
      "user": 1,
      "location": 1
    }
  },
  {
    "model": "content.post",
    "pk": 83,
    "fields": {
      "created_time": "2022-03-31T18:13:06.480Z",
      "updated_time": "2022-03-31T18:13:06.480Z",
      "caption": "Sample Caption # 10",
      "user": 1,
      "location": 1
    }
  },
  {
    "model": "content.post",
    "pk": 84,
    "fields": {
      "created_time": "2022-03-31T18:13:25.194Z",
      "updated_time": "2022-03-31T18:13:25.194Z",
      "caption": "Sample Caption # 10",
      "user": 1,
      "location": 1
    }
  },
  {
    "model": "content.post",
    "pk": 85,
    "fields": {
      "created_time": "2022-03-31T18:14:03.825Z",
      "updated_time": "2022-03-31T18:14:03.825Z",
      "caption": "Sample Caption # 10",
      "user": 1,
      "location": 1
    }
  },
  {
    "model": "content.post",
    "pk": 86,
    "fields": {
      "created_time": "2022-03-31T18:14:34.000Z",
      "updated_time": "2022-03-31T18:14:34.000Z",
      "caption": "Sample Caption # 10",
      "user": 1,
      "location": 1
    }
  },
  {
    "model": "content.post",
    "pk": 87,
    "fields": {
      "created_time": "2022-03-31T18:23:28.070Z",
      "updated_time": "2022-03-31T18:23:28.070Z",
      "caption": "Sample Caption # 10",
      "user": 1,
      "location": 1
    }
  },
  {
    "model": "content.post",
    "pk": 88,
    "fields": {
      "created_time": "2022-03-31T18:26:07.685Z",
      "updated_time": "2022-03-31T18:26:07.685Z",
      "caption": "Sample Caption # 10",
      "user": 1,
      "location": 1
    }
  },
  {
    "model": "content.post",
    "pk": 89,
    "fields": {
      "created_time": "2022-03-31T18:26:33.654Z",
      "updated_time": "2022-03-31T18:26:33.654Z",
      "caption": "Sample Caption # 10",
      "user": 1,
      "location": 1
    }
  },
  {
    "model": "content.post",
    "pk": 90,
    "fields": {
      "created_time": "2022-03-31T18:26:50.637Z",
      "updated_time": "2022-03-31T18:26:50.637Z",
      "caption": "Sample Caption # 10",
      "user": 1,
      "location": 1
    }
  },
  {
    "model": "content.post",
    "pk": 91,
    "fields": {
      "created_time": "2022-03-31T18:26:55.563Z",
      "updated_time": "2022-03-31T18:26:55.563Z",
      "caption": "Sample Caption # 10",
      "user": 1,
      "location": 1
    }
  },
  {
    "model": "content.post",
    "pk": 92,
    "fields": {
      "created_time": "2022-03-31T18:27:00.532Z",
      "updated_time": "2022-03-31T18:27:00.532Z",
      "caption": "Sample Caption # 10",
      "user": 1,
      "location": 1
    }
  },
  {
    "model": "content.post",
    "pk": 93,
    "fields": {
      "created_time": "2022-03-31T18:27:29.322Z",
      "updated_time": "2022-03-31T18:27:29.322Z",
      "caption": "Sample Caption # 10",
      "user": 1,
      "location": 1
    }
  },
  {
    "model": "content.post",
    "pk": 94,
    "fields": {
      "created_time": "2022-03-31T18:30:07.335Z",
      "updated_time": "2022-03-31T18:30:07.335Z",
      "caption": "Sample Caption # 10",
      "user": 1,
      "location": 1
    }
  },
  {
    "model": "content.post",
    "pk": 95,
    "fields": {
      "created_time": "2022-03-31T18:30:16.500Z",
      "updated_time": "2022-03-31T18:30:16.500Z",
      "caption": "Sample Caption # 10",
      "user": 1,
      "location": 1
    }
  },
  {
    "model": "content.post",
    "pk": 96,
    "fields": {
      "created_time": "2022-03-31T18:31:32.209Z",
      "updated_time": "2022-03-31T18:31:32.209Z",
      "caption": "Sample Caption # 10",
      "user": 1,
      "location": 1
    }
  },
  {
    "model": "content.post",
    "pk": 97,
    "fields": {
      "created_time": "2022-03-31T18:31:49.487Z",
      "updated_time": "2022-03-31T18:31:49.487Z",
      "caption": "Sample Caption # 10",
      "user": 1,
      "location": 1
    }
  },
  {
    "model": "content.post",
    "pk": 98,
    "fields": {
      "created_time": "2022-03-31T18:31:56.269Z",
      "updated_time": "2022-03-31T18:31:56.269Z",
      "caption": "Sample Caption # 10",
      "user": 1,
      "location": 1
    }
  },
  {
    "model": "content.post",
    "pk": 99,
    "fields": {
      "created_time": "2022-03-31T18:32:01.092Z",
      "updated_time": "2022-03-31T18:32:01.092Z",
      "caption": "Sample Caption # 10",
      "user": 1,
      "location": 1
    }
  },
  {
    "model": "content.post",
    "pk": 100,
    "fields": {
      "created_time": "2022-03-31T18:53:34.436Z",
      "updated_time": "2022-03-31T18:53:34.436Z",
      "caption": "Sample Caption # 10",
      "user": 1,
      "location": 1
    }
  },
  {
    "model": "content.post",
    "pk": 101,
    "fields": {
      "created_time": "2022-03-31T18:53:51.737Z",
      "updated_time": "2022-03-31T18:53:51.737Z",
      "caption": "Sample Caption # 10",
      "user": 1,
      "location": 1
    }
  },
  {
    "model": "content.post",
    "pk": 102,
    "fields": {
      "created_time": "2022-03-31T18:54:07.633Z",
      "updated_time": "2022-03-31T18:54:07.633Z",
      "caption": "Sample Caption # 10",
      "user": 1,
      "location": 1
    }
  },
  {
    "model": "content.post",
    "pk": 103,
    "fields": {
      "created_time": "2022-03-31T18:54:21.736Z",
      "updated_time": "2022-03-31T18:54:21.736Z",
      "caption": "Sample Caption # 10",
      "user": 1,
      "location": 1
    }
  },
  {
    "model": "content.post",
    "pk": 104,
    "fields": {
      "created_time": "2022-03-31T18:55:04.309Z",
      "updated_time": "2022-03-31T18:55:04.309Z",
      "caption": "Sample Caption # 10",
      "user": 1,
      "location": 1
    }
  },
  {
    "model": "content.post",
    "pk": 105,
    "fields": {
      "created_time": "2022-03-31T18:56:35.677Z",
      "updated_time": "2022-03-31T18:56:35.677Z",
      "caption": "Sample Caption # 10",
      "user": 1,
      "location": 1
    }
  },
  {
    "model": "content.post",
    "pk": 106,
    "fields": {
      "created_time": "2022-03-31T18:59:30.043Z",
      "updated_time": "2022-03-31T18:59:30.043Z",
      "caption": "Sample Caption # 10",
      "user": 1,
      "location": 1
    }
  },
  {
    "model": "content.post",
    "pk": 107,
    "fields": {
      "created_time": "2022-03-31T19:00:47.673Z",
      "updated_time": "2022-03-31T19:01:32.114Z",
      "caption": "Sample Caption # 11",
      "user": 1,
      "location": 1
    }
  },
  {
    "model": "content.post",
    "pk": 108,
    "fields": {
      "created_time": "2022-03-31T19:03:03.640Z",
      "updated_time": "2022-03-31T19:03:03.640Z",
      "caption": "Sample Caption # 12",
      "user": 1,
      "location": 1
    }
  },
  {
    "model": "content.post",
    "pk": 109,
    "fields": {
      "created_time": "2022-03-31T19:08:20.552Z",
      "updated_time": "2022-03-31T19:08:20.552Z",
      "caption": "Sample Caption # 12",
      "user": 1,
      "location": 1
    }
  },
  {
    "model": "content.post",
    "pk": 110,
    "fields": {
      "created_time": "2022-03-31T19:08:39.375Z",
      "updated_time": "2022-03-31T19:08:39.375Z",
      "caption": "Sample Caption # 12",
      "user": 1,
      "location": 1
    }
  },
  {
    "model": "content.post",
    "pk": 111,
    "fields": {
      "created_time": "2022-04-01T06:40:03.618Z",
      "updated_time": "2022-04-01T06:40:03.618Z",
      "caption": "Sample Caption # 12",
      "user": 1,
      "location": 1
    }
  },
  {
    "model": "content.post",
    "pk": 112,
    "fields": {
      "created_time": "2022-04-01T06:40:16.706Z",
      "updated_time": "2022-04-01T06:40:16.706Z",
      "caption": "Sample Caption # 12",
      "user": 1,
      "location": 1
    }
  },
  {
    "model": "content.post",
    "pk": 113,
    "fields": {
      "created_time": "2022-04-01T06:40:28.968Z",
      "updated_time": "2022-04-01T06:40:28.968Z",
      "caption": "Sample Caption # 12",
      "user": 1,
      "location": 1
    }
  },
  {
    "model": "content.post",
    "pk": 114,
    "fields": {
      "created_time": "2022-04-01T06:40:32.670Z",
      "updated_time": "2022-04-01T06:40:32.670Z",
      "caption": "Sample Caption # 12",
      "user": 1,
      "location": 1
    }
  },
  {
    "model": "content.post",
    "pk": 115,
    "fields": {
      "created_time": "2022-04-01T06:40:36.500Z",
      "updated_time": "2022-04-01T06:40:36.500Z",
      "caption": "Sample Caption # 12",
      "user": 1,
      "location": 1
    }
  },
  {
    "model": "content.post",
    "pk": 116,
    "fields": {
      "created_time": "2022-04-03T06:19:17.504Z",
      "updated_time": "2022-04-03T06:19:17.504Z",
      "caption": "Sample Caption # 12",
      "user": 1,
      "location": 1
    }
  },
  {
    "model": "content.post",
    "pk": 117,
    "fields": {
      "created_time": "2022-04-03T14:11:06.912Z",
      "updated_time": "2022-04-03T14:11:06.912Z",
      "caption": "Sample Caption # 12",
      "user": 1,
      "location": 1
    }
  },
  {
    "model": "content.postmedia",
    "pk": 1,
    "fields": {
      "created_time": "2022-03-31T07:37:23.957Z",
      "updated_time": "2022-03-31T07:37:23.957Z",
      "media_type": 1,
      "post": 52,
      "media_file": "content/post/django-final.jpg"
    }
  },
  {
    "model": "content.postmedia",
    "pk": 2,
    "fields": {
      "created_time": "2022-03-31T07:37:23.981Z",
      "updated_time": "2022-03-31T07:37:23.981Z",
      "media_type": 1,
      "post": 52,
      "media_file": "content/post/fastapi.jpg"
    }
  },
  {
    "model": "content.postmedia",
    "pk": 3,
    "fields": {
      "created_time": "2022-03-31T07:37:23.982Z",
      "updated_time": "2022-03-31T07:37:23.982Z",
      "media_type": 1,
      "post": 48,
      "media_file": "content/post/header.jpg"
    }
  },
  {
    "model": "content.postmedia",
    "pk": 4,
    "fields": {
      "created_time": "2022-03-31T07:37:23.983Z",
      "updated_time": "2022-03-31T07:37:23.983Z",
      "media_type": 1,
      "post": 52,
      "media_file": "content/post/linux.jpg"
    }
  },
  {
    "model": "content.postmedia",
    "pk": 5,
    "fields": {
      "created_time": "2022-03-31T07:37:23.983Z",
      "updated_time": "2022-03-31T07:37:23.983Z",
      "media_type": 1,
      "post": 52,
      "media_file": "content/post/nginx.jpg"
    }
  },
  {
    "model": "content.postmedia",
    "pk": 6,
    "fields": {
      "created_time": "2022-03-31T07:37:23.984Z",
      "updated_time": "2022-03-31T07:37:23.984Z",
      "media_type": 1,
      "post": 52,
      "media_file": "content/post/rust.png"
    }
  },
  {
    "model": "content.postmedia",
    "pk": 7,
    "fields": {
      "created_time": "2022-03-31T08:34:13.771Z",
      "updated_time": "2022-03-31T08:34:13.771Z",
      "media_type": 1,
      "post": 1,
      "media_file": "content/post/header_5tJTjp4.jpg"
    }
  },
  {
    "model": "content.postmedia",
    "pk": 8,
    "fields": {
      "created_time": "2022-03-31T08:34:13.772Z",
      "updated_time": "2022-03-31T08:34:13.772Z",
      "media_type": 1,
      "post": 1,
      "media_file": "content/post/nginx_U1Sne3T.jpg"
    }
  },
  {
    "model": "content.postmedia",
    "pk": 9,
    "fields": {
      "created_time": "2022-03-31T08:34:13.773Z",
      "updated_time": "2022-03-31T08:34:13.773Z",
      "media_type": 1,
      "post": 1,
      "media_file": "content/post/linux_hDhsfuc.jpg"
    }
  },
  {
    "model": "content.postmedia",
    "pk": 10,
    "fields": {
      "created_time": "2022-03-31T08:34:35.739Z",
      "updated_time": "2022-03-31T08:34:35.739Z",
      "media_type": 1,
      "post": 37,
      "media_file": "content/post/linux_b3XKaB9.jpg"
    }
  },
  {
    "model": "content.postmedia",
    "pk": 11,
    "fields": {
      "created_time": "2022-03-31T08:34:35.741Z",
      "updated_time": "2022-03-31T08:34:35.741Z",
      "media_type": 1,
      "post": 37,
      "media_file": "content/post/nginx_YODWbzj.jpg"
    }
  },
  {
    "model": "content.postmedia",
    "pk": 12,
    "fields": {
      "created_time": "2022-03-31T08:35:00.519Z",
      "updated_time": "2022-03-31T08:35:00.519Z",
      "media_type": 1,
      "post": 2,
      "media_file": "content/post/nginx_ARPE8cr.jpg"
    }
  },
  {
    "model": "content.postmedia",
    "pk": 13,
    "fields": {
      "created_time": "2022-03-31T08:35:00.520Z",
      "updated_time": "2022-03-31T08:35:00.520Z",
      "media_type": 1,
      "post": 2,
      "media_file": "content/post/linux_9h8YTov.jpg"
    }
  },
  {
    "model": "content.postmedia",
    "pk": 14,
    "fields": {
      "created_time": "2022-03-31T08:35:00.521Z",
      "updated_time": "2022-03-31T08:35:00.521Z",
      "media_type": 1,
      "post": 2,
      "media_file": "content/post/header_S411vqA.jpg"
    }
  },
  {
    "model": "content.postmedia",
    "pk": 15,
    "fields": {
      "created_time": "2022-03-31T08:35:00.522Z",
      "updated_time": "2022-03-31T08:35:00.522Z",
      "media_type": 1,
      "post": 2,
      "media_file": "content/post/fastapi_dCI3uwj.jpg"
    }
  },
  {
    "model": "content.postmedia",
    "pk": 16,
    "fields": {
      "created_time": "2022-03-31T18:59:30.382Z",
      "updated_time": "2022-03-31T18:59:30.382Z",
      "media_type": 1,
      "post": 106,
      "media_file": "content/post/fastapi_K3r3p8R.jpg"
    }
  },
  {
    "model": "content.postmedia",
    "pk": 17,
    "fields": {
      "created_time": "2022-03-31T19:00:48.283Z",
      "updated_time": "2022-03-31T19:00:48.283Z",
      "media_type": 1,
      "post": 107,
      "media_file": "content/post/fastapi_NqB5DYm.jpg"
    }
  },
  {
    "model": "content.postmedia",
    "pk": 18,
    "fields": {
      "created_time": "2022-03-31T19:00:48.642Z",
      "updated_time": "2022-03-31T19:01:32.115Z",
      "media_type": 1,
      "post": 107,
      "media_file": "content/post/header_YSc9jI3.jpg"
    }
  },
  {
    "model": "content.postmedia",
    "pk": 19,
    "fields": {
      "created_time": "2022-03-31T19:03:03.947Z",
      "updated_time": "2022-03-31T19:03:03.947Z",
      "media_type": 1,
      "post": 108,
      "media_file": "content/post/fastapi_1pC2YB8.jpg"
    }
  },
  {
    "model": "content.postmedia",
    "pk": 20,
    "fields": {
      "created_time": "2022-03-31T19:03:03.984Z",
      "updated_time": "2022-03-31T19:03:03.984Z",
      "media_type": 1,
      "post": 108,
      "media_file": "content/post/header_dmtAPDc.jpg"
    }
  },
  {
    "model": "content.postmedia",
    "pk": 21,
    "fields": {
      "created_time": "2022-03-31T19:03:04.019Z",
      "updated_time": "2022-03-31T19:03:04.019Z",
      "media_type": 1,
      "post": 108,
      "media_file": "content/post/linux_5lZ4AcO.jpg"
    }
  },
  {
    "model": "content.postmedia",
    "pk": 22,
    "fields": {
      "created_time": "2022-03-31T19:08:20.790Z",
      "updated_time": "2022-03-31T19:08:20.790Z",
      "media_type": 1,
      "post": 109,
      "media_file": "content/post/fastapi_Wad7LrP.jpg"
    }
  },
  {
    "model": "content.postmedia",
    "pk": 23,
    "fields": {
      "created_time": "2022-03-31T19:08:39.419Z",
      "updated_time": "2022-03-31T19:08:39.420Z",
      "media_type": 1,
      "post": 110,
      "media_file": "content/post/fastapi_yQJyKA2.jpg"
    }
  },
  {
    "model": "content.postmedia",
    "pk": 24,
    "fields": {
      "created_time": "2022-04-01T06:40:04.479Z",
      "updated_time": "2022-04-01T06:40:04.479Z",
      "media_type": 1,
      "post": 111,
      "media_file": "content/post/fastapi_UzGyJAc.jpg"
    }
  },
  {
    "model": "content.postmedia",
    "pk": 25,
    "fields": {
      "created_time": "2022-04-01T06:40:04.607Z",
      "updated_time": "2022-04-01T06:40:04.607Z",
      "media_type": 1,
      "post": 111,
      "media_file": "content/post/header_lHakHcM.jpg"
    }
  },
  {
    "model": "content.postmedia",
    "pk": 26,
    "fields": {
      "created_time": "2022-04-01T06:40:04.642Z",
      "updated_time": "2022-04-01T06:40:04.642Z",
      "media_type": 1,
      "post": 111,
      "media_file": "content/post/linux_v6paksI.jpg"
    }
  },
  {
    "model": "content.postmedia",
    "pk": 27,
    "fields": {
      "created_time": "2022-04-01T06:40:16.939Z",
      "updated_time": "2022-04-01T06:40:16.940Z",
      "media_type": 1,
      "post": 112,
      "media_file": "content/post/fastapi_yR3UOu2.jpg"
    }
  },
  {
    "model": "content.postmedia",
    "pk": 28,
    "fields": {
      "created_time": "2022-04-01T06:40:16.975Z",
      "updated_time": "2022-04-01T06:40:16.975Z",
      "media_type": 1,
      "post": 112,
      "media_file": "content/post/header_wnv70uG.jpg"
    }
  },
  {
    "model": "content.postmedia",
    "pk": 29,
    "fields": {
      "created_time": "2022-04-01T06:40:17.010Z",
      "updated_time": "2022-04-01T06:40:17.010Z",
      "media_type": 1,
      "post": 112,
      "media_file": "content/post/linux_JQrf1BX.jpg"
    }
  },
  {
    "model": "content.postmedia",
    "pk": 30,
    "fields": {
      "created_time": "2022-04-01T06:40:29.277Z",
      "updated_time": "2022-04-01T06:40:29.277Z",
      "media_type": 1,
      "post": 113,
      "media_file": "content/post/fastapi_gkoPzw0.jpg"
    }
  },
  {
    "model": "content.postmedia",
    "pk": 31,
    "fields": {
      "created_time": "2022-04-01T06:40:29.314Z",
      "updated_time": "2022-04-01T06:40:29.314Z",
      "media_type": 1,
      "post": 113,
      "media_file": "content/post/header_HbxQ3S0.jpg"
    }
  },
  {
    "model": "content.postmedia",
    "pk": 32,
    "fields": {
      "created_time": "2022-04-01T06:40:29.350Z",
      "updated_time": "2022-04-01T06:40:29.350Z",
      "media_type": 1,
      "post": 113,
      "media_file": "content/post/linux_yMyFFOK.jpg"
    }
  },
  {
    "model": "content.postmedia",
    "pk": 33,
    "fields": {
      "created_time": "2022-04-01T06:40:32.969Z",
      "updated_time": "2022-04-01T06:40:32.969Z",
      "media_type": 1,
      "post": 114,
      "media_file": "content/post/fastapi_62l7RMZ.jpg"
    }
  },
  {
    "model": "content.postmedia",
    "pk": 34,
    "fields": {
      "created_time": "2022-04-01T06:40:32.994Z",
      "updated_time": "2022-04-01T06:40:32.994Z",
      "media_type": 1,
      "post": 114,
      "media_file": "content/post/header_sCqJdSo.jpg"
    }
  },
  {
    "model": "content.postmedia",
    "pk": 35,
    "fields": {
      "created_time": "2022-04-01T06:40:33.021Z",
      "updated_time": "2022-04-01T06:40:33.021Z",
      "media_type": 1,
      "post": 114,
      "media_file": "content/post/linux_N3cNThj.jpg"
    }
  },
  {
    "model": "content.postmedia",
    "pk": 36,
    "fields": {
      "created_time": "2022-04-01T06:40:36.766Z",
      "updated_time": "2022-04-01T06:40:36.766Z",
      "media_type": 1,
      "post": 115,
      "media_file": "content/post/fastapi_NZwXtlf.jpg"
    }
  },
  {
    "model": "content.postmedia",
    "pk": 37,
    "fields": {
      "created_time": "2022-04-01T06:40:36.803Z",
      "updated_time": "2022-04-01T06:40:36.803Z",
      "media_type": 1,
      "post": 115,
      "media_file": "content/post/header_yCpH3SZ.jpg"
    }
  },
  {
    "model": "content.postmedia",
    "pk": 38,
    "fields": {
      "created_time": "2022-04-01T06:40:36.838Z",
      "updated_time": "2022-04-01T06:40:36.838Z",
      "media_type": 1,
      "post": 115,
      "media_file": "content/post/linux_IHqZWOM.jpg"
    }
  },
  {
    "model": "content.postmedia",
    "pk": 39,
    "fields": {
      "created_time": "2022-04-03T06:19:18.558Z",
      "updated_time": "2022-04-03T06:19:18.558Z",
      "media_type": 1,
      "post": 116,
      "media_file": "content/post/fastapi_M53gR9j.jpg"
    }
  },
  {
    "model": "content.postmedia",
    "pk": 40,
    "fields": {
      "created_time": "2022-04-03T06:19:18.704Z",
      "updated_time": "2022-04-03T06:19:18.704Z",
      "media_type": 1,
      "post": 116,
      "media_file": "content/post/header_3w89RFG.jpg"
    }
  },
  {
    "model": "content.postmedia",
    "pk": 41,
    "fields": {
      "created_time": "2022-04-03T06:19:18.740Z",
      "updated_time": "2022-04-03T06:19:18.740Z",
      "media_type": 1,
      "post": 116,
      "media_file": "content/post/linux_fgHPSbf.jpg"
    }
  },
  {
    "model": "content.postmedia",
    "pk": 42,
    "fields": {
      "created_time": "2022-04-03T14:11:07.338Z",
      "updated_time": "2022-04-03T14:11:07.338Z",
      "media_type": 1,
      "post": 117,
      "media_file": "content/post/fastapi_3WB6shf.jpg"
    }
  },
  {
    "model": "content.postmedia",
    "pk": 43,
    "fields": {
      "created_time": "2022-04-03T14:11:07.432Z",
      "updated_time": "2022-04-03T14:11:07.432Z",
      "media_type": 1,
      "post": 117,
      "media_file": "content/post/header_DCITLJ3.jpg"
    }
  },
  {
    "model": "content.postmedia",
    "pk": 44,
    "fields": {
      "created_time": "2022-04-03T14:11:07.512Z",
      "updated_time": "2022-04-03T14:11:07.512Z",
      "media_type": 1,
      "post": 117,
      "media_file": "content/post/linux_2ccj3cK.jpg"
    }
  },
  {
    "model": "content.taggeduser",
    "pk": 1,
    "fields": {
      "created_time": "2022-03-31T07:37:54.169Z",
      "updated_time": "2022-03-31T07:37:54.169Z",
      "user": 6,
      "post": 54
    }
  },
  {
    "model": "content.taggeduser",
    "pk": 2,
    "fields": {
      "created_time": "2022-03-31T07:37:54.286Z",
      "updated_time": "2022-03-31T07:37:54.286Z",
      "user": 9,
      "post": 54
    }
  },
  {
    "model": "content.taggeduser",
    "pk": 3,
    "fields": {
      "created_time": "2022-03-31T07:37:54.287Z",
      "updated_time": "2022-03-31T07:37:54.287Z",
      "user": 7,
      "post": 54
    }
  },
  {
    "model": "content.taggeduser",
    "pk": 4,
    "fields": {
      "created_time": "2022-03-31T07:37:54.288Z",
      "updated_time": "2022-03-31T07:37:54.288Z",
      "user": 1,
      "post": 1
    }
  },
  {
    "model": "content.taggeduser",
    "pk": 5,
    "fields": {
      "created_time": "2022-03-31T08:01:08.904Z",
      "updated_time": "2022-03-31T08:01:08.904Z",
      "user": 1,
      "post": 31
    }
  },
  {
    "model": "content.taggeduser",
    "pk": 6,
    "fields": {
      "created_time": "2022-03-31T08:13:03.894Z",
      "updated_time": "2022-03-31T08:13:03.894Z",
      "user": 10,
      "post": 37
    }
  },
  {
    "model": "content.taggeduser",
    "pk": 7,
    "fields": {
      "created_time": "2022-03-31T08:13:03.940Z",
      "updated_time": "2022-03-31T08:13:03.940Z",
      "user": 10,
      "post": 37
    }
  },
  {
    "model": "content.taggeduser",
    "pk": 8,
    "fields": {
      "created_time": "2022-03-31T08:13:03.987Z",
      "updated_time": "2022-03-31T08:13:03.987Z",
      "user": 9,
      "post": 37
    }
  },
  {
    "model": "content.taggeduser",
    "pk": 9,
    "fields": {
      "created_time": "2022-03-31T08:13:09.410Z",
      "updated_time": "2022-03-31T08:13:09.410Z",
      "user": 4,
      "post": 38
    }
  },
  {
    "model": "content.taggeduser",
    "pk": 10,
    "fields": {
      "created_time": "2022-03-31T08:13:09.537Z",
      "updated_time": "2022-03-31T08:13:09.537Z",
      "user": 3,
      "post": 38
    }
  },
  {
    "model": "content.taggeduser",
    "pk": 11,
    "fields": {
      "created_time": "2022-03-31T08:13:10.176Z",
      "updated_time": "2022-03-31T08:13:10.176Z",
      "user": 8,
      "post": 39
    }
  },
  {
    "model": "content.taggeduser",
    "pk": 12,
    "fields": {
      "created_time": "2022-03-31T08:13:10.222Z",
      "updated_time": "2022-03-31T08:13:10.222Z",
      "user": 2,
      "post": 39
    }
  },
  {
    "model": "content.taggeduser",
    "pk": 13,
    "fields": {
      "created_time": "2022-03-31T08:13:10.270Z",
      "updated_time": "2022-03-31T08:13:10.270Z",
      "user": 3,
      "post": 39
    }
  },
  {
    "model": "content.taggeduser",
    "pk": 14,
    "fields": {
      "created_time": "2022-03-31T08:13:10.328Z",
      "updated_time": "2022-03-31T08:13:10.328Z",
      "user": 9,
      "post": 39
    }
  },
  {
    "model": "content.taggeduser",
    "pk": 15,
    "fields": {
      "created_time": "2022-03-31T08:13:10.386Z",
      "updated_time": "2022-03-31T08:13:10.386Z",
      "user": 4,
      "post": 39
    }
  },
  {
    "model": "content.taggeduser",
    "pk": 16,
    "fields": {
      "created_time": "2022-03-31T08:13:10.433Z",
      "updated_time": "2022-03-31T08:13:10.433Z",
      "user": 8,
      "post": 39
    }
  },
  {
    "model": "content.taggeduser",
    "pk": 17,
    "fields": {
      "created_time": "2022-03-31T08:13:10.839Z",
      "updated_time": "2022-03-31T08:13:10.839Z",
      "user": 8,
      "post": 40
    }
  },
  {
    "model": "content.taggeduser",
    "pk": 18,
    "fields": {
      "created_time": "2022-03-31T08:13:10.885Z",
      "updated_time": "2022-03-31T08:13:10.885Z",
      "user": 2,
      "post": 40
    }
  },
  {
    "model": "content.taggeduser",
    "pk": 19,
    "fields": {
      "created_time": "2022-03-31T08:13:10.954Z",
      "updated_time": "2022-03-31T08:13:10.954Z",
      "user": 8,
      "post": 40
    }
  },
  {
    "model": "content.taggeduser",
    "pk": 20,
    "fields": {
      "created_time": "2022-03-31T08:13:11.001Z",
      "updated_time": "2022-03-31T08:13:11.001Z",
      "user": 6,
      "post": 40
    }
  },
  {
    "model": "content.taggeduser",
    "pk": 21,
    "fields": {
      "created_time": "2022-03-31T08:13:11.059Z",
      "updated_time": "2022-03-31T08:13:11.059Z",
      "user": 10,
      "post": 40
    }
  },
  {
    "model": "content.taggeduser",
    "pk": 22,
    "fields": {
      "created_time": "2022-03-31T08:13:11.106Z",
      "updated_time": "2022-03-31T08:13:11.106Z",
      "user": 1,
      "post": 40
    }
  },
  {
    "model": "content.taggeduser",
    "pk": 23,
    "fields": {
      "created_time": "2022-03-31T08:13:11.215Z",
      "updated_time": "2022-03-31T08:13:11.215Z",
      "user": 3,
      "post": 40
    }
  },
  {
    "model": "content.taggeduser",
    "pk": 24,
    "fields": {
      "created_time": "2022-03-31T08:13:12.132Z",
      "updated_time": "2022-03-31T08:13:12.132Z",
      "user": 10,
      "post": 41
    }
  },
  {
    "model": "content.taggeduser",
    "pk": 25,
    "fields": {
      "created_time": "2022-03-31T08:13:12.184Z",
      "updated_time": "2022-03-31T08:13:12.184Z",
      "user": 10,
      "post": 41
    }
  },
  {
    "model": "content.taggeduser",
    "pk": 26,
    "fields": {
      "created_time": "2022-03-31T08:13:12.242Z",
      "updated_time": "2022-03-31T08:13:12.242Z",
      "user": 9,
      "post": 41
    }
  },
  {
    "model": "content.taggeduser",
    "pk": 27,
    "fields": {
      "created_time": "2022-03-31T08:13:12.301Z",
      "updated_time": "2022-03-31T08:13:12.301Z",
      "user": 3,
      "post": 41
    }
  },
  {
    "model": "content.taggeduser",
    "pk": 28,
    "fields": {
      "created_time": "2022-03-31T08:13:12.347Z",
      "updated_time": "2022-03-31T08:13:12.347Z",
      "user": 3,
      "post": 41
    }
  },
  {
    "model": "content.taggeduser",
    "pk": 29,
    "fields": {
      "created_time": "2022-03-31T08:13:12.416Z",
      "updated_time": "2022-03-31T08:13:12.416Z",
      "user": 1,
      "post": 41
    }
  },
  {
    "model": "content.taggeduser",
    "pk": 30,
    "fields": {
      "created_time": "2022-03-31T08:13:12.484Z",
      "updated_time": "2022-03-31T08:13:12.484Z",
      "user": 2,
      "post": 41
    }
  },
  {
    "model": "content.taggeduser",
    "pk": 31,
    "fields": {
      "created_time": "2022-03-31T08:13:12.741Z",
      "updated_time": "2022-03-31T08:13:12.741Z",
      "user": 8,
      "post": 42
    }
  },
  {
    "model": "content.taggeduser",
    "pk": 32,
    "fields": {
      "created_time": "2022-03-31T08:13:12.788Z",
      "updated_time": "2022-03-31T08:13:12.788Z",
      "user": 8,
      "post": 42
    }
  },
  {
    "model": "content.taggeduser",
    "pk": 33,
    "fields": {
      "created_time": "2022-03-31T08:13:12.834Z",
      "updated_time": "2022-03-31T08:13:12.834Z",
      "user": 10,
      "post": 42
    }
  },
  {
    "model": "content.taggeduser",
    "pk": 34,
    "fields": {
      "created_time": "2022-03-31T08:13:13.160Z",
      "updated_time": "2022-03-31T08:13:13.160Z",
      "user": 2,
      "post": 43
    }
  },
  {
    "model": "content.taggeduser",
    "pk": 35,
    "fields": {
      "created_time": "2022-03-31T08:13:13.196Z",
      "updated_time": "2022-03-31T08:13:13.196Z",
      "user": 8,
      "post": 43
    }
  },
  {
    "model": "content.taggeduser",
    "pk": 36,
    "fields": {
      "created_time": "2022-03-31T08:13:13.254Z",
      "updated_time": "2022-03-31T08:13:13.254Z",
      "user": 9,
      "post": 43
    }
  },
  {
    "model": "content.taggeduser",
    "pk": 37,
    "fields": {
      "created_time": "2022-03-31T08:13:13.701Z",
      "updated_time": "2022-03-31T08:13:13.701Z",
      "user": 3,
      "post": 45
    }
  },
  {
    "model": "content.taggeduser",
    "pk": 38,
    "fields": {
      "created_time": "2022-03-31T08:13:13.748Z",
      "updated_time": "2022-03-31T08:13:13.748Z",
      "user": 4,
      "post": 45
    }
  },
  {
    "model": "content.taggeduser",
    "pk": 39,
    "fields": {
      "created_time": "2022-03-31T08:13:13.948Z",
      "updated_time": "2022-03-31T08:13:13.948Z",
      "user": 10,
      "post": 47
    }
  },
  {
    "model": "content.taggeduser",
    "pk": 40,
    "fields": {
      "created_time": "2022-03-31T08:13:14.088Z",
      "updated_time": "2022-03-31T08:13:14.088Z",
      "user": 3,
      "post": 48
    }
  },
  {
    "model": "content.taggeduser",
    "pk": 41,
    "fields": {
      "created_time": "2022-03-31T08:13:14.146Z",
      "updated_time": "2022-03-31T08:13:14.146Z",
      "user": 8,
      "post": 48
    }
  },
  {
    "model": "content.taggeduser",
    "pk": 42,
    "fields": {
      "created_time": "2022-03-31T08:13:14.193Z",
      "updated_time": "2022-03-31T08:13:14.193Z",
      "user": 8,
      "post": 48
    }
  },
  {
    "model": "content.taggeduser",
    "pk": 43,
    "fields": {
      "created_time": "2022-03-31T08:13:14.262Z",
      "updated_time": "2022-03-31T08:13:14.262Z",
      "user": 6,
      "post": 48
    }
  },
  {
    "model": "content.taggeduser",
    "pk": 44,
    "fields": {
      "created_time": "2022-03-31T08:13:14.297Z",
      "updated_time": "2022-03-31T08:13:14.298Z",
      "user": 2,
      "post": 48
    }
  },
  {
    "model": "content.taggeduser",
    "pk": 45,
    "fields": {
      "created_time": "2022-03-31T08:13:14.367Z",
      "updated_time": "2022-03-31T08:13:14.367Z",
      "user": 8,
      "post": 48
    }
  },
  {
    "model": "content.taggeduser",
    "pk": 46,
    "fields": {
      "created_time": "2022-03-31T08:13:14.879Z",
      "updated_time": "2022-03-31T08:13:14.879Z",
      "user": 1,
      "post": 50
    }
  },
  {
    "model": "content.taggeduser",
    "pk": 47,
    "fields": {
      "created_time": "2022-03-31T08:13:14.936Z",
      "updated_time": "2022-03-31T08:13:14.936Z",
      "user": 2,
      "post": 50
    }
  },
  {
    "model": "content.taggeduser",
    "pk": 48,
    "fields": {
      "created_time": "2022-03-31T08:13:14.995Z",
      "updated_time": "2022-03-31T08:13:14.995Z",
      "user": 2,
      "post": 50
    }
  },
  {
    "model": "content.taggeduser",
    "pk": 49,
    "fields": {
      "created_time": "2022-03-31T08:13:15.391Z",
      "updated_time": "2022-03-31T08:13:15.391Z",
      "user": 10,
      "post": 51
    }
  },
  {
    "model": "content.taggeduser",
    "pk": 50,
    "fields": {
      "created_time": "2022-03-31T08:13:15.415Z",
      "updated_time": "2022-03-31T08:13:15.415Z",
      "user": 9,
      "post": 51
    }
  },
  {
    "model": "content.taggeduser",
    "pk": 51,
    "fields": {
      "created_time": "2022-03-31T08:13:15.462Z",
      "updated_time": "2022-03-31T08:13:15.462Z",
      "user": 1,
      "post": 51
    }
  },
  {
    "model": "content.taggeduser",
    "pk": 52,
    "fields": {
      "created_time": "2022-03-31T08:13:15.520Z",
      "updated_time": "2022-03-31T08:13:15.520Z",
      "user": 10,
      "post": 51
    }
  },
  {
    "model": "content.taggeduser",
    "pk": 53,
    "fields": {
      "created_time": "2022-03-31T08:13:15.567Z",
      "updated_time": "2022-03-31T08:13:15.567Z",
      "user": 7,
      "post": 51
    }
  },
  {
    "model": "content.taggeduser",
    "pk": 54,
    "fields": {
      "created_time": "2022-03-31T08:13:15.624Z",
      "updated_time": "2022-03-31T08:13:15.624Z",
      "user": 2,
      "post": 51
    }
  },
  {
    "model": "content.taggeduser",
    "pk": 55,
    "fields": {
      "created_time": "2022-03-31T08:13:15.961Z",
      "updated_time": "2022-03-31T08:13:15.961Z",
      "user": 7,
      "post": 52
    }
  },
  {
    "model": "content.taggeduser",
    "pk": 56,
    "fields": {
      "created_time": "2022-03-31T08:13:16.019Z",
      "updated_time": "2022-03-31T08:13:16.019Z",
      "user": 6,
      "post": 52
    }
  },
  {
    "model": "content.taggeduser",
    "pk": 57,
    "fields": {
      "created_time": "2022-03-31T08:13:16.066Z",
      "updated_time": "2022-03-31T08:13:16.067Z",
      "user": 7,
      "post": 52
    }
  },
  {
    "model": "content.taggeduser",
    "pk": 58,
    "fields": {
      "created_time": "2022-03-31T08:13:16.213Z",
      "updated_time": "2022-03-31T08:13:16.213Z",
      "user": 3,
      "post": 52
    }
  },
  {
    "model": "content.taggeduser",
    "pk": 59,
    "fields": {
      "created_time": "2022-03-31T08:13:16.272Z",
      "updated_time": "2022-03-31T08:13:16.272Z",
      "user": 2,
      "post": 52
    }
  },
  {
    "model": "content.taggeduser",
    "pk": 60,
    "fields": {
      "created_time": "2022-03-31T08:13:16.308Z",
      "updated_time": "2022-03-31T08:13:16.308Z",
      "user": 4,
      "post": 52
    }
  },
  {
    "model": "content.taggeduser",
    "pk": 61,
    "fields": {
      "created_time": "2022-03-31T08:13:16.366Z",
      "updated_time": "2022-03-31T08:13:16.366Z",
      "user": 4,
      "post": 52
    }
  },
  {
    "model": "content.taggeduser",
    "pk": 62,
    "fields": {
      "created_time": "2022-03-31T08:13:16.412Z",
      "updated_time": "2022-03-31T08:13:16.412Z",
      "user": 8,
      "post": 52
    }
  },
  {
    "model": "content.taggeduser",
    "pk": 63,
    "fields": {
      "created_time": "2022-03-31T12:35:48.824Z",
      "updated_time": "2022-03-31T12:35:48.824Z",
      "user": 1,
      "post": 55
    }
  },
  {
    "model": "content.taggeduser",
    "pk": 64,
    "fields": {
      "created_time": "2022-03-31T12:35:48.861Z",
      "updated_time": "2022-03-31T12:35:48.861Z",
      "user": 2,
      "post": 55
    }
  },
  {
    "model": "content.taggeduser",
    "pk": 65,
    "fields": {
      "created_time": "2022-03-31T12:35:48.896Z",
      "updated_time": "2022-03-31T12:35:48.896Z",
      "user": 3,
      "post": 55
    }
  },
  {
    "model": "content.taggeduser",
    "pk": 66,
    "fields": {
      "created_time": "2022-03-31T12:37:18.838Z",
      "updated_time": "2022-03-31T12:37:18.838Z",
      "user": 1,
      "post": 56
    }
  },
  {
    "model": "content.taggeduser",
    "pk": 67,
    "fields": {
      "created_time": "2022-03-31T12:37:18.874Z",
      "updated_time": "2022-03-31T12:37:18.874Z",
      "user": 2,
      "post": 56
    }
  },
  {
    "model": "content.taggeduser",
    "pk": 68,
    "fields": {
      "created_time": "2022-03-31T12:37:18.909Z",
      "updated_time": "2022-03-31T12:37:18.909Z",
      "user": 3,
      "post": 56
    }
  },
  {
    "model": "content.taggeduser",
    "pk": 69,
    "fields": {
      "created_time": "2022-03-31T12:40:00.088Z",
      "updated_time": "2022-03-31T12:40:00.088Z",
      "user": 1,
      "post": 57
    }
  },
  {
    "model": "content.taggeduser",
    "pk": 70,
    "fields": {
      "created_time": "2022-03-31T12:40:00.124Z",
      "updated_time": "2022-03-31T12:40:00.124Z",
      "user": 2,
      "post": 57
    }
  },
  {
    "model": "content.taggeduser",
    "pk": 71,
    "fields": {
      "created_time": "2022-03-31T12:40:00.159Z",
      "updated_time": "2022-03-31T12:40:00.159Z",
      "user": 3,
      "post": 57
    }
  },
  {
    "model": "content.taggeduser",
    "pk": 72,
    "fields": {
      "created_time": "2022-03-31T18:00:43.401Z",
      "updated_time": "2022-03-31T18:00:43.401Z",
      "user": 1,
      "post": 75
    }
  },
  {
    "model": "content.taggeduser",
    "pk": 73,
    "fields": {
      "created_time": "2022-03-31T18:00:43.433Z",
      "updated_time": "2022-03-31T18:00:43.433Z",
      "user": 2,
      "post": 75
    }
  },
  {
    "model": "content.taggeduser",
    "pk": 74,
    "fields": {
      "created_time": "2022-03-31T18:01:03.359Z",
      "updated_time": "2022-03-31T18:01:03.359Z",
      "user": 1,
      "post": 76
    }
  },
  {
    "model": "content.taggeduser",
    "pk": 75,
    "fields": {
      "created_time": "2022-03-31T18:01:03.395Z",
      "updated_time": "2022-03-31T18:01:03.395Z",
      "user": 2,
      "post": 76
    }
  },
  {
    "model": "content.taggeduser",
    "pk": 76,
    "fields": {
      "created_time": "2022-03-31T18:55:04.428Z",
      "updated_time": "2022-03-31T18:55:04.428Z",
      "user": 1,
      "post": 104
    }
  },
  {
    "model": "content.taggeduser",
    "pk": 77,
    "fields": {
      "created_time": "2022-03-31T18:55:04.468Z",
      "updated_time": "2022-03-31T18:55:04.468Z",
      "user": 2,
      "post": 104
    }
  },
  {
    "model": "content.taggeduser",
    "pk": 78,
    "fields": {
      "created_time": "2022-03-31T18:55:04.506Z",
      "updated_time": "2022-03-31T18:55:04.506Z",
      "user": 3,
      "post": 104
    }
  },
  {
    "model": "content.taggeduser",
    "pk": 79,
    "fields": {
      "created_time": "2022-03-31T18:56:35.807Z",
      "updated_time": "2022-03-31T18:56:35.807Z",
      "user": 1,
      "post": 105
    }
  },
  {
    "model": "content.taggeduser",
    "pk": 80,
    "fields": {
      "created_time": "2022-03-31T18:56:35.839Z",
      "updated_time": "2022-03-31T18:56:35.839Z",
      "user": 2,
      "post": 105
    }
  },
  {
    "model": "content.taggeduser",
    "pk": 81,
    "fields": {
      "created_time": "2022-03-31T18:56:35.873Z",
      "updated_time": "2022-03-31T18:56:35.873Z",
      "user": 3,
      "post": 105
    }
  },
  {
    "model": "content.taggeduser",
    "pk": 82,
    "fields": {
      "created_time": "2022-03-31T18:59:30.199Z",
      "updated_time": "2022-03-31T18:59:30.199Z",
      "user": 1,
      "post": 106
    }
  },
  {
    "model": "content.taggeduser",
    "pk": 83,
    "fields": {
      "created_time": "2022-03-31T18:59:30.243Z",
      "updated_time": "2022-03-31T18:59:30.243Z",
      "user": 2,
      "post": 106
    }
  },
  {
    "model": "content.taggeduser",
    "pk": 84,
    "fields": {
      "created_time": "2022-03-31T18:59:30.280Z",
      "updated_time": "2022-03-31T18:59:30.280Z",
      "user": 3,
      "post": 106
    }
  },
  {
    "model": "content.taggeduser",
    "pk": 85,
    "fields": {
      "created_time": "2022-03-31T19:00:47.743Z",
      "updated_time": "2022-03-31T19:00:47.743Z",
      "user": 1,
      "post": 107
    }
  },
  {
    "model": "content.taggeduser",
    "pk": 86,
    "fields": {
      "created_time": "2022-03-31T19:00:47.778Z",
      "updated_time": "2022-03-31T19:00:47.778Z",
      "user": 2,
      "post": 107
    }
  },
  {
    "model": "content.taggeduser",
    "pk": 87,
    "fields": {
      "created_time": "2022-03-31T19:00:47.908Z",
      "updated_time": "2022-03-31T19:00:47.908Z",
      "user": 3,
      "post": 107
    }
  },
  {
    "model": "content.taggeduser",
    "pk": 88,
    "fields": {
      "created_time": "2022-03-31T19:03:03.772Z",
      "updated_time": "2022-03-31T19:03:03.772Z",
      "user": 1,
      "post": 108
    }
  },
  {
    "model": "content.taggeduser",
    "pk": 89,
    "fields": {
      "created_time": "2022-03-31T19:03:03.806Z",
      "updated_time": "2022-03-31T19:03:03.806Z",
      "user": 2,
      "post": 108
    }
  },
  {
    "model": "content.taggeduser",
    "pk": 90,
    "fields": {
      "created_time": "2022-03-31T19:03:03.841Z",
      "updated_time": "2022-03-31T19:03:03.841Z",
      "user": 3,
      "post": 108
    }
  },
  {
    "model": "content.taggeduser",
    "pk": 91,
    "fields": {
      "created_time": "2022-03-31T19:08:20.615Z",
      "updated_time": "2022-03-31T19:08:20.615Z",
      "user": 1,
      "post": 109
    }
  },
  {
    "model": "content.taggeduser",
    "pk": 92,
    "fields": {
      "created_time": "2022-03-31T19:08:20.650Z",
      "updated_time": "2022-03-31T19:08:20.651Z",
      "user": 2,
      "post": 109
    }
  },
  {
    "model": "content.taggeduser",
    "pk": 93,
    "fields": {
      "created_time": "2022-03-31T19:08:20.688Z",
      "updated_time": "2022-03-31T19:08:20.688Z",
      "user": 3,
      "post": 109
    }
  },
  {
    "model": "content.taggeduser",
    "pk": 94,
    "fields": {
      "created_time": "2022-04-01T06:40:03.904Z",
      "updated_time": "2022-04-01T06:40:03.904Z",
      "user": 1,
      "post": 111
    }
  },
  {
    "model": "content.taggeduser",
    "pk": 95,
    "fields": {
      "created_time": "2022-04-01T06:40:04.252Z",
      "updated_time": "2022-04-01T06:40:04.252Z",
      "user": 2,
      "post": 111
    }
  },
  {
    "model": "content.taggeduser",
    "pk": 96,
    "fields": {
      "created_time": "2022-04-01T06:40:04.288Z",
      "updated_time": "2022-04-01T06:40:04.288Z",
      "user": 3,
      "post": 111
    }
  },
  {
    "model": "content.taggeduser",
    "pk": 97,
    "fields": {
      "created_time": "2022-04-01T06:40:16.763Z",
      "updated_time": "2022-04-01T06:40:16.763Z",
      "user": 1,
      "post": 112
    }
  },
  {
    "model": "content.taggeduser",
    "pk": 98,
    "fields": {
      "created_time": "2022-04-01T06:40:16.802Z",
      "updated_time": "2022-04-01T06:40:16.802Z",
      "user": 2,
      "post": 112
    }
  },
  {
    "model": "content.taggeduser",
    "pk": 99,
    "fields": {
      "created_time": "2022-04-01T06:40:16.833Z",
      "updated_time": "2022-04-01T06:40:16.833Z",
      "user": 3,
      "post": 112
    }
  },
  {
    "model": "content.taggeduser",
    "pk": 100,
    "fields": {
      "created_time": "2022-04-01T06:40:29.101Z",
      "updated_time": "2022-04-01T06:40:29.101Z",
      "user": 1,
      "post": 113
    }
  },
  {
    "model": "content.taggeduser",
    "pk": 101,
    "fields": {
      "created_time": "2022-04-01T06:40:29.139Z",
      "updated_time": "2022-04-01T06:40:29.139Z",
      "user": 2,
      "post": 113
    }
  },
  {
    "model": "content.taggeduser",
    "pk": 102,
    "fields": {
      "created_time": "2022-04-01T06:40:29.173Z",
      "updated_time": "2022-04-01T06:40:29.174Z",
      "user": 3,
      "post": 113
    }
  },
  {
    "model": "content.taggeduser",
    "pk": 103,
    "fields": {
      "created_time": "2022-04-01T06:40:32.796Z",
      "updated_time": "2022-04-01T06:40:32.796Z",
      "user": 1,
      "post": 114
    }
  },
  {
    "model": "content.taggeduser",
    "pk": 104,
    "fields": {
      "created_time": "2022-04-01T06:40:32.831Z",
      "updated_time": "2022-04-01T06:40:32.831Z",
      "user": 2,
      "post": 114
    }
  },
  {
    "model": "content.taggeduser",
    "pk": 105,
    "fields": {
      "created_time": "2022-04-01T06:40:32.868Z",
      "updated_time": "2022-04-01T06:40:32.868Z",
      "user": 3,
      "post": 114
    }
  },
  {
    "model": "content.taggeduser",
    "pk": 106,
    "fields": {
      "created_time": "2022-04-01T06:40:36.590Z",
      "updated_time": "2022-04-01T06:40:36.590Z",
      "user": 1,
      "post": 115
    }
  },
  {
    "model": "content.taggeduser",
    "pk": 107,
    "fields": {
      "created_time": "2022-04-01T06:40:36.626Z",
      "updated_time": "2022-04-01T06:40:36.626Z",
      "user": 2,
      "post": 115
    }
  },
  {
    "model": "content.taggeduser",
    "pk": 108,
    "fields": {
      "created_time": "2022-04-01T06:40:36.662Z",
      "updated_time": "2022-04-01T06:40:36.662Z",
      "user": 3,
      "post": 115
    }
  },
  {
    "model": "content.taggeduser",
    "pk": 109,
    "fields": {
      "created_time": "2022-04-03T06:19:17.937Z",
      "updated_time": "2022-04-03T06:19:17.937Z",
      "user": 1,
      "post": 116
    }
  },
  {
    "model": "content.taggeduser",
    "pk": 110,
    "fields": {
      "created_time": "2022-04-03T06:19:18.184Z",
      "updated_time": "2022-04-03T06:19:18.184Z",
      "user": 1,
      "post": 116
    }
  },
  {
    "model": "content.taggeduser",
    "pk": 111,
    "fields": {
      "created_time": "2022-04-03T06:19:18.220Z",
      "updated_time": "2022-04-03T06:19:18.220Z",
      "user": 3,
      "post": 116
    }
  },
  {
    "model": "content.taggeduser",
    "pk": 112,
    "fields": {
      "created_time": "2022-04-03T14:11:06.998Z",
      "updated_time": "2022-04-03T14:11:06.998Z",
      "user": 1,
      "post": 117
    }
  },
  {
    "model": "content.taggeduser",
    "pk": 113,
    "fields": {
      "created_time": "2022-04-03T14:11:07.153Z",
      "updated_time": "2022-04-03T14:11:07.153Z",
      "user": 1,
      "post": 117
    }
  },
  {
    "model": "content.taggeduser",
    "pk": 114,
    "fields": {
      "created_time": "2022-04-03T14:11:07.201Z",
      "updated_time": "2022-04-03T14:11:07.201Z",
      "user": 3,
      "post": 117
    }
  },
  {
    "model": "content.tag",
    "pk": 1,
    "fields": {
      "created_time": "2022-03-31T07:36:56.433Z",
      "updated_time": "2022-03-31T07:36:56.433Z",
      "title": "7learn"
    }
  },
  {
    "model": "content.tag",
    "pk": 2,
    "fields": {
      "created_time": "2022-03-31T07:36:59.632Z",
      "updated_time": "2022-03-31T07:36:59.632Z",
      "title": "python"
    }
  },
  {
    "model": "content.tag",
    "pk": 3,
    "fields": {
      "created_time": "2022-03-31T07:37:02.936Z",
      "updated_time": "2022-03-31T07:37:02.936Z",
      "title": "postman"
    }
  },
  {
    "model": "content.tag",
    "pk": 4,
    "fields": {
      "created_time": "2022-03-31T07:37:06.856Z",
      "updated_time": "2022-03-31T07:37:06.856Z",
      "title": "django"
    }
  },
  {
    "model": "content.tag",
    "pk": 5,
    "fields": {
      "created_time": "2022-03-31T07:37:10.549Z",
      "updated_time": "2022-03-31T07:37:10.549Z",
      "title": "mongo"
    }
  },
  {
    "model": "content.tag",
    "pk": 6,
    "fields": {
      "created_time": "2022-03-31T07:37:12.403Z",
      "updated_time": "2022-03-31T07:37:12.403Z",
      "title": "redis"
    }
  },
  {
    "model": "content.posttag",
    "pk": 1,
    "fields": {
      "created_time": "2022-03-31T07:37:54.066Z",
      "updated_time": "2022-03-31T07:37:54.066Z",
      "post": 1,
      "tag": 1
    }
  },
  {
    "model": "content.posttag",
    "pk": 2,
    "fields": {
      "created_time": "2022-03-31T07:37:54.167Z",
      "updated_time": "2022-03-31T07:37:54.167Z",
      "post": 1,
      "tag": 2
    }
  },
  {
    "model": "content.posttag",
    "pk": 3,
    "fields": {
      "created_time": "2022-03-31T08:13:04.033Z",
      "updated_time": "2022-03-31T08:13:04.033Z",
      "post": 37,
      "tag": 2
    }
  },
  {
    "model": "content.posttag",
    "pk": 4,
    "fields": {
      "created_time": "2022-03-31T08:13:04.068Z",
      "updated_time": "2022-03-31T08:13:04.068Z",
      "post": 37,
      "tag": 4
    }
  },
  {
    "model": "content.posttag",
    "pk": 5,
    "fields": {
      "created_time": "2022-03-31T08:13:04.105Z",
      "updated_time": "2022-03-31T08:13:04.105Z",
      "post": 37,
      "tag": 1
    }
  },
  {
    "model": "content.posttag",
    "pk": 6,
    "fields": {
      "created_time": "2022-03-31T08:13:04.152Z",
      "updated_time": "2022-03-31T08:13:04.152Z",
      "post": 37,
      "tag": 2
    }
  },
  {
    "model": "content.posttag",
    "pk": 7,
    "fields": {
      "created_time": "2022-03-31T08:13:04.198Z",
      "updated_time": "2022-03-31T08:13:04.199Z",
      "post": 37,
      "tag": 2
    }
  },
  {
    "model": "content.posttag",
    "pk": 8,
    "fields": {
      "created_time": "2022-03-31T08:13:09.572Z",
      "updated_time": "2022-03-31T08:13:09.572Z",
      "post": 38,
      "tag": 1
    }
  },
  {
    "model": "content.posttag",
    "pk": 9,
    "fields": {
      "created_time": "2022-03-31T08:13:09.706Z",
      "updated_time": "2022-03-31T08:13:09.706Z",
      "post": 38,
      "tag": 6
    }
  },
  {
    "model": "content.posttag",
    "pk": 10,
    "fields": {
      "created_time": "2022-03-31T08:13:09.797Z",
      "updated_time": "2022-03-31T08:13:09.797Z",
      "post": 38,
      "tag": 3
    }
  },
  {
    "model": "content.posttag",
    "pk": 11,
    "fields": {
      "created_time": "2022-03-31T08:13:09.910Z",
      "updated_time": "2022-03-31T08:13:09.910Z",
      "post": 38,
      "tag": 2
    }
  },
  {
    "model": "content.posttag",
    "pk": 12,
    "fields": {
      "created_time": "2022-03-31T08:13:10.002Z",
      "updated_time": "2022-03-31T08:13:10.002Z",
      "post": 38,
      "tag": 3
    }
  },
  {
    "model": "content.posttag",
    "pk": 13,
    "fields": {
      "created_time": "2022-03-31T08:13:10.480Z",
      "updated_time": "2022-03-31T08:13:10.480Z",
      "post": 39,
      "tag": 4
    }
  },
  {
    "model": "content.posttag",
    "pk": 14,
    "fields": {
      "created_time": "2022-03-31T08:13:10.538Z",
      "updated_time": "2022-03-31T08:13:10.538Z",
      "post": 39,
      "tag": 2
    }
  },
  {
    "model": "content.posttag",
    "pk": 15,
    "fields": {
      "created_time": "2022-03-31T08:13:10.607Z",
      "updated_time": "2022-03-31T08:13:10.607Z",
      "post": 39,
      "tag": 1
    }
  },
  {
    "model": "content.posttag",
    "pk": 16,
    "fields": {
      "created_time": "2022-03-31T08:13:10.676Z",
      "updated_time": "2022-03-31T08:13:10.676Z",
      "post": 39,
      "tag": 1
    }
  },
  {
    "model": "content.posttag",
    "pk": 17,
    "fields": {
      "created_time": "2022-03-31T08:13:11.324Z",
      "updated_time": "2022-03-31T08:13:11.324Z",
      "post": 40,
      "tag": 3
    }
  },
  {
    "model": "content.posttag",
    "pk": 18,
    "fields": {
      "created_time": "2022-03-31T08:13:11.484Z",
      "updated_time": "2022-03-31T08:13:11.484Z",
      "post": 40,
      "tag": 4
    }
  },
  {
    "model": "content.posttag",
    "pk": 19,
    "fields": {
      "created_time": "2022-03-31T08:13:11.702Z",
      "updated_time": "2022-03-31T08:13:11.702Z",
      "post": 40,
      "tag": 1
    }
  },
  {
    "model": "content.posttag",
    "pk": 20,
    "fields": {
      "created_time": "2022-03-31T08:13:11.827Z",
      "updated_time": "2022-03-31T08:13:11.827Z",
      "post": 40,
      "tag": 2
    }
  },
  {
    "model": "content.posttag",
    "pk": 21,
    "fields": {
      "created_time": "2022-03-31T08:13:11.953Z",
      "updated_time": "2022-03-31T08:13:11.953Z",
      "post": 40,
      "tag": 2
    }
  },
  {
    "model": "content.posttag",
    "pk": 22,
    "fields": {
      "created_time": "2022-03-31T08:13:12.531Z",
      "updated_time": "2022-03-31T08:13:12.531Z",
      "post": 41,
      "tag": 3
    }
  },
  {
    "model": "content.posttag",
    "pk": 23,
    "fields": {
      "created_time": "2022-03-31T08:13:12.589Z",
      "updated_time": "2022-03-31T08:13:12.589Z",
      "post": 41,
      "tag": 4
    }
  },
  {
    "model": "content.posttag",
    "pk": 24,
    "fields": {
      "created_time": "2022-03-31T08:13:12.881Z",
      "updated_time": "2022-03-31T08:13:12.881Z",
      "post": 42,
      "tag": 3
    }
  },
  {
    "model": "content.posttag",
    "pk": 25,
    "fields": {
      "created_time": "2022-03-31T08:13:12.950Z",
      "updated_time": "2022-03-31T08:13:12.950Z",
      "post": 42,
      "tag": 3
    }
  },
  {
    "model": "content.posttag",
    "pk": 26,
    "fields": {
      "created_time": "2022-03-31T08:13:12.997Z",
      "updated_time": "2022-03-31T08:13:12.997Z",
      "post": 42,
      "tag": 3
    }
  },
  {
    "model": "content.posttag",
    "pk": 27,
    "fields": {
      "created_time": "2022-03-31T08:13:13.301Z",
      "updated_time": "2022-03-31T08:13:13.301Z",
      "post": 43,
      "tag": 6
    }
  },
  {
    "model": "content.posttag",
    "pk": 28,
    "fields": {
      "created_time": "2022-03-31T08:13:13.337Z",
      "updated_time": "2022-03-31T08:13:13.337Z",
      "post": 43,
      "tag": 2
    }
  },
  {
    "model": "content.posttag",
    "pk": 29,
    "fields": {
      "created_time": "2022-03-31T08:13:13.467Z",
      "updated_time": "2022-03-31T08:13:13.467Z",
      "post": 44,
      "tag": 5
    }
  },
  {
    "model": "content.posttag",
    "pk": 30,
    "fields": {
      "created_time": "2022-03-31T08:13:13.514Z",
      "updated_time": "2022-03-31T08:13:13.514Z",
      "post": 44,
      "tag": 2
    }
  },
  {
    "model": "content.posttag",
    "pk": 31,
    "fields": {
      "created_time": "2022-03-31T08:13:13.561Z",
      "updated_time": "2022-03-31T08:13:13.561Z",
      "post": 44,
      "tag": 4
    }
  },
  {
    "model": "content.posttag",
    "pk": 32,
    "fields": {
      "created_time": "2022-03-31T08:13:14.436Z",
      "updated_time": "2022-03-31T08:13:14.436Z",
      "post": 48,
      "tag": 2
    }
  },
  {
    "model": "content.posttag",
    "pk": 33,
    "fields": {
      "created_time": "2022-03-31T08:13:14.472Z",
      "updated_time": "2022-03-31T08:13:14.472Z",
      "post": 48,
      "tag": 3
    }
  },
  {
    "model": "content.posttag",
    "pk": 34,
    "fields": {
      "created_time": "2022-03-31T08:13:14.646Z",
      "updated_time": "2022-03-31T08:13:14.646Z",
      "post": 49,
      "tag": 6
    }
  },
  {
    "model": "content.posttag",
    "pk": 35,
    "fields": {
      "created_time": "2022-03-31T08:13:14.693Z",
      "updated_time": "2022-03-31T08:13:14.693Z",
      "post": 49,
      "tag": 3
    }
  },
  {
    "model": "content.posttag",
    "pk": 36,
    "fields": {
      "created_time": "2022-03-31T08:13:15.042Z",
      "updated_time": "2022-03-31T08:13:15.042Z",
      "post": 50,
      "tag": 3
    }
  },
  {
    "model": "content.posttag",
    "pk": 37,
    "fields": {
      "created_time": "2022-03-31T08:13:15.110Z",
      "updated_time": "2022-03-31T08:13:15.110Z",
      "post": 50,
      "tag": 5
    }
  },
  {
    "model": "content.posttag",
    "pk": 38,
    "fields": {
      "created_time": "2022-03-31T08:13:15.179Z",
      "updated_time": "2022-03-31T08:13:15.180Z",
      "post": 50,
      "tag": 2
    }
  },
  {
    "model": "content.posttag",
    "pk": 39,
    "fields": {
      "created_time": "2022-03-31T08:13:15.226Z",
      "updated_time": "2022-03-31T08:13:15.226Z",
      "post": 50,
      "tag": 3
    }
  },
  {
    "model": "content.posttag",
    "pk": 40,
    "fields": {
      "created_time": "2022-03-31T08:13:15.295Z",
      "updated_time": "2022-03-31T08:13:15.295Z",
      "post": 50,
      "tag": 6
    }
  },
  {
    "model": "content.posttag",
    "pk": 41,
    "fields": {
      "created_time": "2022-03-31T08:13:15.671Z",
      "updated_time": "2022-03-31T08:13:15.671Z",
      "post": 51,
      "tag": 5
    }
  },
  {
    "model": "content.posttag",
    "pk": 42,
    "fields": {
      "created_time": "2022-03-31T08:13:15.729Z",
      "updated_time": "2022-03-31T08:13:15.729Z",
      "post": 51,
      "tag": 5
    }
  },
  {
    "model": "content.posttag",
    "pk": 43,
    "fields": {
      "created_time": "2022-03-31T08:13:15.798Z",
      "updated_time": "2022-03-31T08:13:15.798Z",
      "post": 51,
      "tag": 2
    }
  },
  {
    "model": "content.posttag",
    "pk": 44,
    "fields": {
      "created_time": "2022-03-31T12:40:00.195Z",
      "updated_time": "2022-03-31T12:40:00.195Z",
      "post": 57,
      "tag": 1
    }
  },
  {
    "model": "content.posttag",
    "pk": 45,
    "fields": {
      "created_time": "2022-03-31T12:40:00.228Z",
      "updated_time": "2022-03-31T12:40:00.228Z",
      "post": 57,
      "tag": 2
    }
  },
  {
    "model": "content.posttag",
    "pk": 46,
    "fields": {
      "created_time": "2022-03-31T12:40:00.263Z",
      "updated_time": "2022-03-31T12:40:00.263Z",
      "post": 57,
      "tag": 3
    }
  },
  {
    "model": "content.posttag",
    "pk": 47,
    "fields": {
      "created_time": "2022-03-31T18:01:03.432Z",
      "updated_time": "2022-03-31T18:01:03.432Z",
      "post": 76,
      "tag": 1
    }
  },
  {
    "model": "content.posttag",
    "pk": 48,
    "fields": {
      "created_time": "2022-03-31T18:01:03.467Z",
      "updated_time": "2022-03-31T18:01:03.467Z",
      "post": 76,
      "tag": 2
    }
  },
  {
    "model": "content.posttag",
    "pk": 49,
    "fields": {
      "created_time": "2022-03-31T18:54:07.714Z",
      "updated_time": "2022-03-31T18:54:07.714Z",
      "post": 102,
      "tag": 1
    }
  },
  {
    "model": "content.posttag",
    "pk": 50,
    "fields": {
      "created_time": "2022-03-31T18:54:21.792Z",
      "updated_time": "2022-03-31T18:54:21.792Z",
      "post": 103,
      "tag": 1
    }
  },
  {
    "model": "content.posttag",
    "pk": 51,
    "fields": {
      "created_time": "2022-03-31T18:54:21.826Z",
      "updated_time": "2022-03-31T18:54:21.827Z",
      "post": 103,
      "tag": 2
    }
  },
  {
    "model": "content.posttag",
    "pk": 52,
    "fields": {
      "created_time": "2022-03-31T18:55:04.536Z",
      "updated_time": "2022-03-31T18:55:04.536Z",
      "post": 104,
      "tag": 1
    }
  },
  {
    "model": "content.posttag",
    "pk": 53,
    "fields": {
      "created_time": "2022-03-31T18:55:04.571Z",
      "updated_time": "2022-03-31T18:55:04.571Z",
      "post": 104,
      "tag": 2
    }
  },
  {
    "model": "content.posttag",
    "pk": 54,
    "fields": {
      "created_time": "2022-03-31T18:56:35.910Z",
      "updated_time": "2022-03-31T18:56:35.910Z",
      "post": 105,
      "tag": 1
    }
  },
  {
    "model": "content.posttag",
    "pk": 55,
    "fields": {
      "created_time": "2022-03-31T18:56:35.944Z",
      "updated_time": "2022-03-31T18:56:35.944Z",
      "post": 105,
      "tag": 2
    }
  },
  {
    "model": "content.posttag",
    "pk": 56,
    "fields": {
      "created_time": "2022-03-31T18:59:30.310Z",
      "updated_time": "2022-03-31T18:59:30.310Z",
      "post": 106,
      "tag": 1
    }
  },
  {
    "model": "content.posttag",
    "pk": 57,
    "fields": {
      "created_time": "2022-03-31T18:59:30.350Z",
      "updated_time": "2022-03-31T18:59:30.350Z",
      "post": 106,
      "tag": 2
    }
  },
  {
    "model": "content.posttag",
    "pk": 58,
    "fields": {
      "created_time": "2022-03-31T19:00:48.019Z",
      "updated_time": "2022-03-31T19:00:48.019Z",
      "post": 107,
      "tag": 1
    }
  },
  {
    "model": "content.posttag",
    "pk": 59,
    "fields": {
      "created_time": "2022-03-31T19:00:48.139Z",
      "updated_time": "2022-03-31T19:00:48.139Z",
      "post": 107,
      "tag": 2
    }
  },
  {
    "model": "content.posttag",
    "pk": 60,
    "fields": {
      "created_time": "2022-03-31T19:03:03.874Z",
      "updated_time": "2022-03-31T19:03:03.874Z",
      "post": 108,
      "tag": 1
    }
  },
  {
    "model": "content.posttag",
    "pk": 61,
    "fields": {
      "created_time": "2022-03-31T19:03:03.912Z",
      "updated_time": "2022-03-31T19:03:03.912Z",
      "post": 108,
      "tag": 2
    }
  },
  {
    "model": "content.posttag",
    "pk": 62,
    "fields": {
      "created_time": "2022-03-31T19:08:20.725Z",
      "updated_time": "2022-03-31T19:08:20.725Z",
      "post": 109,
      "tag": 1
    }
  },
  {
    "model": "content.posttag",
    "pk": 63,
    "fields": {
      "created_time": "2022-03-31T19:08:20.758Z",
      "updated_time": "2022-03-31T19:08:20.758Z",
      "post": 109,
      "tag": 2
    }
  },
  {
    "model": "content.posttag",
    "pk": 64,
    "fields": {
      "created_time": "2022-04-01T06:40:04.324Z",
      "updated_time": "2022-04-01T06:40:04.324Z",
      "post": 111,
      "tag": 1
    }
  },
  {
    "model": "content.posttag",
    "pk": 65,
    "fields": {
      "created_time": "2022-04-01T06:40:04.455Z",
      "updated_time": "2022-04-01T06:40:04.455Z",
      "post": 111,
      "tag": 2
    }
  },
  {
    "model": "content.posttag",
    "pk": 66,
    "fields": {
      "created_time": "2022-04-01T06:40:16.870Z",
      "updated_time": "2022-04-01T06:40:16.870Z",
      "post": 112,
      "tag": 1
    }
  },
  {
    "model": "content.posttag",
    "pk": 67,
    "fields": {
      "created_time": "2022-04-01T06:40:16.905Z",
      "updated_time": "2022-04-01T06:40:16.906Z",
      "post": 112,
      "tag": 2
    }
  },
  {
    "model": "content.posttag",
    "pk": 68,
    "fields": {
      "created_time": "2022-04-01T06:40:29.208Z",
      "updated_time": "2022-04-01T06:40:29.209Z",
      "post": 113,
      "tag": 1
    }
  },
  {
    "model": "content.posttag",
    "pk": 69,
    "fields": {
      "created_time": "2022-04-01T06:40:29.242Z",
      "updated_time": "2022-04-01T06:40:29.242Z",
      "post": 113,
      "tag": 2
    }
  },
  {
    "model": "content.posttag",
    "pk": 70,
    "fields": {
      "created_time": "2022-04-01T06:40:32.903Z",
      "updated_time": "2022-04-01T06:40:32.903Z",
      "post": 114,
      "tag": 1
    }
  },
  {
    "model": "content.posttag",
    "pk": 71,
    "fields": {
      "created_time": "2022-04-01T06:40:32.938Z",
      "updated_time": "2022-04-01T06:40:32.938Z",
      "post": 114,
      "tag": 2
    }
  },
  {
    "model": "content.posttag",
    "pk": 72,
    "fields": {
      "created_time": "2022-04-01T06:40:36.697Z",
      "updated_time": "2022-04-01T06:40:36.697Z",
      "post": 115,
      "tag": 1
    }
  },
  {
    "model": "content.posttag",
    "pk": 73,
    "fields": {
      "created_time": "2022-04-01T06:40:36.733Z",
      "updated_time": "2022-04-01T06:40:36.733Z",
      "post": 115,
      "tag": 2
    }
  },
  {
    "model": "content.posttag",
    "pk": 74,
    "fields": {
      "created_time": "2022-04-03T06:19:18.256Z",
      "updated_time": "2022-04-03T06:19:18.256Z",
      "post": 116,
      "tag": 1
    }
  },
  {
    "model": "content.posttag",
    "pk": 75,
    "fields": {
      "created_time": "2022-04-03T06:19:18.520Z",
      "updated_time": "2022-04-03T06:19:18.520Z",
      "post": 116,
      "tag": 1
    }
  },
  {
    "model": "content.posttag",
    "pk": 76,
    "fields": {
      "created_time": "2022-04-03T14:11:07.234Z",
      "updated_time": "2022-04-03T14:11:07.234Z",
      "post": 117,
      "tag": 1
    }
  },
  {
    "model": "content.posttag",
    "pk": 77,
    "fields": {
      "created_time": "2022-04-03T14:11:07.314Z",
      "updated_time": "2022-04-03T14:11:07.314Z",
      "post": 117,
      "tag": 1
    }
  },
  {
    "model": "activity.comment",
    "pk": 1,
    "fields": {
      "created_time": "2022-03-30T09:13:56.034Z",
      "updated_time": "2022-03-30T09:13:56.034Z",
      "caption": "Sample caption comment",
      "user": 1,
      "post": 1,
      "reply_to": null
    }
  },
  {
    "model": "activity.comment",
    "pk": 2,
    "fields": {
      "created_time": "2022-03-30T09:13:56.258Z",
      "updated_time": "2022-03-30T09:13:56.258Z",
      "caption": "Sample caption comment",
      "user": 1,
      "post": 1,
      "reply_to": null
    }
  },
  {
    "model": "activity.comment",
    "pk": 3,
    "fields": {
      "created_time": "2022-03-30T09:13:56.371Z",
      "updated_time": "2022-03-30T09:13:56.371Z",
      "caption": "Sample caption comment",
      "user": 1,
      "post": 1,
      "reply_to": null
    }
  },
  {
    "model": "activity.comment",
    "pk": 4,
    "fields": {
      "created_time": "2022-03-30T09:13:56.432Z",
      "updated_time": "2022-03-30T09:13:56.432Z",
      "caption": "Sample caption comment",
      "user": 1,
      "post": 1,
      "reply_to": null
    }
  },
  {
    "model": "activity.comment",
    "pk": 5,
    "fields": {
      "created_time": "2022-03-30T09:13:56.468Z",
      "updated_time": "2022-03-30T09:13:56.468Z",
      "caption": "Sample caption comment",
      "user": 1,
      "post": 1,
      "reply_to": null
    }
  },
  {
    "model": "activity.comment",
    "pk": 6,
    "fields": {
      "created_time": "2022-03-30T09:13:56.503Z",
      "updated_time": "2022-03-30T09:13:56.503Z",
      "caption": "Sample caption comment",
      "user": 1,
      "post": 1,
      "reply_to": null
    }
  },
  {
    "model": "activity.comment",
    "pk": 7,
    "fields": {
      "created_time": "2022-03-30T09:13:56.528Z",
      "updated_time": "2022-03-30T09:13:56.528Z",
      "caption": "Sample caption comment",
      "user": 1,
      "post": 1,
      "reply_to": null
    }
  },
  {
    "model": "activity.comment",
    "pk": 8,
    "fields": {
      "created_time": "2022-03-30T09:13:56.552Z",
      "updated_time": "2022-03-30T09:13:56.552Z",
      "caption": "Sample caption comment",
      "user": 1,
      "post": 1,
      "reply_to": null
    }
  },
  {
    "model": "activity.comment",
    "pk": 9,
    "fields": {
      "created_time": "2022-03-30T09:13:56.577Z",
      "updated_time": "2022-03-30T09:13:56.577Z",
      "caption": "Sample caption comment",
      "user": 1,
      "post": 1,
      "reply_to": null
    }
  },
  {
    "model": "activity.comment",
    "pk": 10,
    "fields": {
      "created_time": "2022-03-30T09:13:56.602Z",
      "updated_time": "2022-03-30T09:13:56.602Z",
      "caption": "Sample caption comment",
      "user": 1,
      "post": 1,
      "reply_to": null
    }
  },
  {
    "model": "activity.comment",
    "pk": 11,
    "fields": {
      "created_time": "2022-03-30T09:13:56.627Z",
      "updated_time": "2022-03-30T09:13:56.627Z",
      "caption": "Sample caption comment",
      "user": 1,
      "post": 1,
      "reply_to": null
    }
  },
  {
    "model": "activity.comment",
    "pk": 12,
    "fields": {
      "created_time": "2022-03-30T09:13:56.652Z",
      "updated_time": "2022-03-30T09:13:56.652Z",
      "caption": "Sample caption comment",
      "user": 1,
      "post": 1,
      "reply_to": null
    }
  },
  {
    "model": "activity.comment",
    "pk": 13,
    "fields": {
      "created_time": "2022-03-30T09:13:56.687Z",
      "updated_time": "2022-03-30T09:13:56.687Z",
      "caption": "Sample caption comment",
      "user": 1,
      "post": 1,
      "reply_to": null
    }
  },
  {
    "model": "activity.comment",
    "pk": 14,
    "fields": {
      "created_time": "2022-03-30T09:13:56.712Z",
      "updated_time": "2022-03-30T09:13:56.712Z",
      "caption": "Sample caption comment",
      "user": 1,
      "post": 1,
      "reply_to": null
    }
  },
  {
    "model": "activity.comment",
    "pk": 15,
    "fields": {
      "created_time": "2022-03-30T09:13:56.736Z",
      "updated_time": "2022-03-30T09:13:56.736Z",
      "caption": "Sample caption comment",
      "user": 1,
      "post": 1,
      "reply_to": null
    }
  },
  {
    "model": "activity.comment",
    "pk": 16,
    "fields": {
      "created_time": "2022-03-30T09:13:56.761Z",
      "updated_time": "2022-03-30T09:13:56.761Z",
      "caption": "Sample caption comment",
      "user": 1,
      "post": 1,
      "reply_to": null
    }
  },
  {
    "model": "activity.comment",
    "pk": 17,
    "fields": {
      "created_time": "2022-03-30T09:13:56.786Z",
      "updated_time": "2022-03-30T09:13:56.786Z",
      "caption": "Sample caption comment",
      "user": 1,
      "post": 1,
      "reply_to": null
    }
  },
  {
    "model": "activity.comment",
    "pk": 18,
    "fields": {
      "created_time": "2022-03-30T09:13:56.810Z",
      "updated_time": "2022-03-30T09:13:56.810Z",
      "caption": "Sample caption comment",
      "user": 1,
      "post": 1,
      "reply_to": null
    }
  },
  {
    "model": "activity.comment",
    "pk": 19,
    "fields": {
      "created_time": "2022-03-30T09:13:56.835Z",
      "updated_time": "2022-03-30T09:13:56.835Z",
      "caption": "Sample caption comment",
      "user": 1,
      "post": 1,
      "reply_to": null
    }
  },
  {
    "model": "activity.comment",
    "pk": 20,
    "fields": {
      "created_time": "2022-03-30T09:13:56.860Z",
      "updated_time": "2022-03-30T09:13:56.860Z",
      "caption": "Sample caption comment",
      "user": 1,
      "post": 1,
      "reply_to": null
    }
  },
  {
    "model": "activity.comment",
    "pk": 21,
    "fields": {
      "created_time": "2022-03-30T09:13:56.884Z",
      "updated_time": "2022-03-30T09:13:56.884Z",
      "caption": "Sample caption comment",
      "user": 1,
      "post": 1,
      "reply_to": null
    }
  },
  {
    "model": "activity.comment",
    "pk": 22,
    "fields": {
      "created_time": "2022-03-30T09:13:56.909Z",
      "updated_time": "2022-03-30T09:13:56.909Z",
      "caption": "Sample caption comment",
      "user": 1,
      "post": 1,
      "reply_to": null
    }
  },
  {
    "model": "activity.comment",
    "pk": 23,
    "fields": {
      "created_time": "2022-03-30T09:13:56.933Z",
      "updated_time": "2022-03-30T09:13:56.933Z",
      "caption": "Sample caption comment",
      "user": 1,
      "post": 1,
      "reply_to": null
    }
  },
  {
    "model": "activity.comment",
    "pk": 24,
    "fields": {
      "created_time": "2022-03-30T09:13:56.958Z",
      "updated_time": "2022-03-30T09:13:56.958Z",
      "caption": "Sample caption comment",
      "user": 1,
      "post": 1,
      "reply_to": null
    }
  },
  {
    "model": "activity.comment",
    "pk": 25,
    "fields": {
      "created_time": "2022-03-30T09:13:56.982Z",
      "updated_time": "2022-03-30T09:13:56.982Z",
      "caption": "Sample caption comment",
      "user": 1,
      "post": 1,
      "reply_to": null
    }
  },
  {
    "model": "activity.comment",
    "pk": 26,
    "fields": {
      "created_time": "2022-03-30T09:13:57.007Z",
      "updated_time": "2022-03-30T09:13:57.007Z",
      "caption": "Sample caption comment",
      "user": 1,
      "post": 1,
      "reply_to": null
    }
  },
  {
    "model": "activity.comment",
    "pk": 27,
    "fields": {
      "created_time": "2022-03-30T09:13:57.032Z",
      "updated_time": "2022-03-30T09:13:57.032Z",
      "caption": "Sample caption comment",
      "user": 1,
      "post": 1,
      "reply_to": null
    }
  },
  {
    "model": "activity.comment",
    "pk": 28,
    "fields": {
      "created_time": "2022-03-30T09:13:57.068Z",
      "updated_time": "2022-03-30T09:13:57.068Z",
      "caption": "Sample caption comment",
      "user": 1,
      "post": 1,
      "reply_to": null
    }
  },
  {
    "model": "activity.comment",
    "pk": 29,
    "fields": {
      "created_time": "2022-03-30T09:13:57.103Z",
      "updated_time": "2022-03-30T09:13:57.104Z",
      "caption": "Sample caption comment",
      "user": 1,
      "post": 1,
      "reply_to": null
    }
  },
  {
    "model": "activity.comment",
    "pk": 30,
    "fields": {
      "created_time": "2022-03-30T09:13:57.139Z",
      "updated_time": "2022-03-30T09:13:57.139Z",
      "caption": "Sample caption comment",
      "user": 1,
      "post": 1,
      "reply_to": null
    }
  },
  {
    "model": "activity.comment",
    "pk": 31,
    "fields": {
      "created_time": "2022-03-30T09:24:05.682Z",
      "updated_time": "2022-03-30T09:24:05.682Z",
      "caption": "Sample caption comment",
      "user": 1,
      "post": 1,
      "reply_to": null
    }
  },
  {
    "model": "activity.comment",
    "pk": 32,
    "fields": {
      "created_time": "2022-03-30T09:26:39.321Z",
      "updated_time": "2022-03-30T09:26:39.321Z",
      "caption": "Sample caption comment",
      "user": 1,
      "post": 1,
      "reply_to": null
    }
  },
  {
    "model": "activity.comment",
    "pk": 33,
    "fields": {
      "created_time": "2022-03-30T09:26:39.392Z",
      "updated_time": "2022-03-30T09:26:39.392Z",
      "caption": "Sample caption comment",
      "user": 1,
      "post": 1,
      "reply_to": null
    }
  },
  {
    "model": "activity.comment",
    "pk": 34,
    "fields": {
      "created_time": "2022-03-30T09:26:39.440Z",
      "updated_time": "2022-03-30T09:26:39.440Z",
      "caption": "Sample caption comment",
      "user": 1,
      "post": 1,
      "reply_to": null
    }
  },
  {
    "model": "activity.comment",
    "pk": 35,
    "fields": {
      "created_time": "2022-03-30T09:26:39.475Z",
      "updated_time": "2022-03-30T09:26:39.476Z",
      "caption": "Sample caption comment",
      "user": 1,
      "post": 1,
      "reply_to": null
    }
  },
  {
    "model": "activity.comment",
    "pk": 36,
    "fields": {
      "created_time": "2022-03-30T09:26:39.512Z",
      "updated_time": "2022-03-30T09:26:39.512Z",
      "caption": "Sample caption comment",
      "user": 1,
      "post": 1,
      "reply_to": null
    }
  },
  {
    "model": "activity.comment",
    "pk": 37,
    "fields": {
      "created_time": "2022-03-31T10:45:20.337Z",
      "updated_time": "2022-03-31T10:45:20.337Z",
      "caption": "Comment NO #37",
      "user": 2,
      "post": 37,
      "reply_to": null
    }
  },
  {
    "model": "activity.comment",
    "pk": 38,
    "fields": {
      "created_time": "2022-03-31T11:21:32.519Z",
      "updated_time": "2022-03-31T11:21:32.519Z",
      "caption": "Reply In Comment NO #37",
      "user": 1,
      "post": 37,
      "reply_to": 37
    }
  },
  {
    "model": "activity.comment",
    "pk": 39,
    "fields": {
      "created_time": "2022-03-31T11:22:14.266Z",
      "updated_time": "2022-03-31T11:22:14.266Z",
      "caption": "Reply In Comment NO #37",
      "user": 8,
      "post": 37,
      "reply_to": 37
    }
  },
  {
    "model": "activity.comment",
    "pk": 40,
    "fields": {
      "created_time": "2022-04-01T06:52:44.620Z",
      "updated_time": "2022-04-01T06:52:44.620Z",
      "caption": "Comment NO #3",
      "user": 1,
      "post": 3,
      "reply_to": null
    }
  },
  {
    "model": "activity.comment",
    "pk": 41,
    "fields": {
      "created_time": "2022-04-01T06:53:19.781Z",
      "updated_time": "2022-04-01T06:53:19.781Z",
      "caption": "Reply Comment NO #3",
      "user": 1,
      "post": 3,
      "reply_to": 40
    }
  },
  {
    "model": "activity.comment",
    "pk": 42,
    "fields": {
      "created_time": "2022-04-01T07:14:59.511Z",
      "updated_time": "2022-04-01T07:14:59.511Z",
      "caption": "Comment NO #7",
      "user": 1,
      "post": 7,
      "reply_to": null
    }
  },
  {
    "model": "activity.comment",
    "pk": 43,
    "fields": {
      "created_time": "2022-04-01T07:15:15.668Z",
      "updated_time": "2022-04-01T07:15:15.668Z",
      "caption": "Comment NO #9",
      "user": 1,
      "post": 9,
      "reply_to": null
    }
  },
  {
    "model": "activity.comment",
    "pk": 44,
    "fields": {
      "created_time": "2022-04-01T07:19:06.896Z",
      "updated_time": "2022-04-01T07:19:06.896Z",
      "caption": "Comment NO #9",
      "user": 1,
      "post": 9,
      "reply_to": null
    }
  },
  {
    "model": "activity.comment",
    "pk": 45,
    "fields": {
      "created_time": "2022-04-01T07:32:12.847Z",
      "updated_time": "2022-04-01T07:32:12.847Z",
      "caption": "Comment NO #6",
      "user": 1,
      "post": 6,
      "reply_to": null
    }
  },
  {
    "model": "activity.comment",
    "pk": 46,
    "fields": {
      "created_time": "2022-04-01T07:32:29.211Z",
      "updated_time": "2022-04-01T07:32:29.211Z",
      "caption": "Comment NO #6-1",
      "user": 1,
      "post": 6,
      "reply_to": null
    }
  },
  {
    "model": "activity.comment",
    "pk": 47,
    "fields": {
      "created_time": "2022-04-01T07:33:41.142Z",
      "updated_time": "2022-04-01T07:33:41.142Z",
      "caption": "Comment NO #48",
      "user": 1,
      "post": 48,
      "reply_to": null
    }
  },
  {
    "model": "activity.comment",
    "pk": 48,
    "fields": {
      "created_time": "2022-04-01T07:40:53.132Z",
      "updated_time": "2022-04-01T07:40:53.132Z",
      "caption": "Comment NO #48-1",
      "user": 1,
      "post": 48,
      "reply_to": null
    }
  },
  {
    "model": "activity.comment",
    "pk": 49,
    "fields": {
      "created_time": "2022-04-01T07:41:07.183Z",
      "updated_time": "2022-04-01T07:41:07.183Z",
      "caption": "Comment NO #45",
      "user": 1,
      "post": 45,
      "reply_to": null
    }
  },
  {
    "model": "activity.comment",
    "pk": 50,
    "fields": {
      "created_time": "2022-04-01T07:44:09.420Z",
      "updated_time": "2022-04-01T07:44:09.420Z",
      "caption": "Comment NO #115",
      "user": 1,
      "post": 115,
      "reply_to": null
    }
  },
  {
    "model": "activity.comment",
    "pk": 51,
    "fields": {
      "created_time": "2022-04-01T07:44:23.860Z",
      "updated_time": "2022-04-01T07:44:23.860Z",
      "caption": "Comment NO #24",
      "user": 1,
      "post": 24,
      "reply_to": null
    }
  },
  {
    "model": "activity.comment",
    "pk": 52,
    "fields": {
      "created_time": "2022-04-01T07:48:45.419Z",
      "updated_time": "2022-04-01T07:48:45.419Z",
      "caption": "Comment NO #42",
      "user": 1,
      "post": 42,
      "reply_to": null
    }
  },
  {
    "model": "activity.comment",
    "pk": 54,
    "fields": {
      "created_time": "2022-04-01T18:07:31.574Z",
      "updated_time": "2022-04-01T18:07:31.574Z",
      "caption": "Sample Caption #44",
      "user": 1,
      "post": 44,
      "reply_to": null
    }
  },
  {
    "model": "activity.comment",
    "pk": 55,
    "fields": {
      "created_time": "2022-04-01T18:08:56.204Z",
      "updated_time": "2022-04-01T18:08:56.204Z",
      "caption": "Reply Sample Caption #44",
      "user": 1,
      "post": 44,
      "reply_to": 54
    }
  },
  {
    "model": "activity.comment",
    "pk": 56,
    "fields": {
      "created_time": "2022-04-03T14:26:46.673Z",
      "updated_time": "2022-04-03T14:26:46.674Z",
      "caption": "Comment NO #101",
      "user": 1,
      "post": 101,
      "reply_to": null
    }
  },
  {
    "model": "activity.comment",
    "pk": 57,
    "fields": {
      "created_time": "2022-04-03T14:39:13.456Z",
      "updated_time": "2022-04-03T14:39:13.457Z",
      "caption": "Caption NO #116",
      "user": 1,
      "post": 101,
      "reply_to": null
    }
  },
  {
    "model": "activity.comment",
    "pk": 58,
    "fields": {
      "created_time": "2022-04-03T14:39:29.197Z",
      "updated_time": "2022-04-03T14:39:29.197Z",
      "caption": "Caption NO #116-1",
      "user": 1,
      "post": 101,
      "reply_to": null
    }
  },
  {
    "model": "activity.comment",
    "pk": 59,
    "fields": {
      "created_time": "2022-04-03T14:57:42.961Z",
      "updated_time": "2022-04-03T14:57:42.961Z",
      "caption": "Caption NO #40",
      "user": 1,
      "post": 40,
      "reply_to": null
    }
  },
  {
    "model": "activity.comment",
    "pk": 60,
    "fields": {
      "created_time": "2022-04-03T14:57:51.672Z",
      "updated_time": "2022-04-03T14:57:51.672Z",
      "caption": "Caption NO #40",
      "user": 1,
      "post": 40,
      "reply_to": null
    }
  },
  {
    "model": "activity.comment",
    "pk": 61,
    "fields": {
      "created_time": "2022-04-03T14:58:00.941Z",
      "updated_time": "2022-04-03T14:58:00.941Z",
      "caption": "Caption NO #40",
      "user": 1,
      "post": 40,
      "reply_to": null
    }
  },
  {
    "model": "activity.comment",
    "pk": 62,
    "fields": {
      "created_time": "2022-04-03T14:58:26.162Z",
      "updated_time": "2022-04-03T14:58:26.162Z",
      "caption": "Caption NO #40",
      "user": 1,
      "post": 40,
      "reply_to": null
    }
  },
  {
    "model": "activity.comment",
    "pk": 63,
    "fields": {
      "created_time": "2022-04-03T14:59:03.993Z",
      "updated_time": "2022-04-03T14:59:03.993Z",
      "caption": "Caption NO #40",
      "user": 1,
      "post": 40,
      "reply_to": null
    }
  },
  {
    "model": "activity.comment",
    "pk": 64,
    "fields": {
      "created_time": "2022-04-03T14:59:16.631Z",
      "updated_time": "2022-04-03T14:59:16.631Z",
      "caption": "Caption NO #40",
      "user": 1,
      "post": 40,
      "reply_to": null
    }
  },
  {
    "model": "activity.comment",
    "pk": 65,
    "fields": {
      "created_time": "2022-04-03T15:00:28.358Z",
      "updated_time": "2022-04-03T15:00:28.358Z",
      "caption": "Caption NO #40",
      "user": 1,
      "post": 40,
      "reply_to": null
    }
  },
  {
    "model": "activity.comment",
    "pk": 66,
    "fields": {
      "created_time": "2022-04-05T06:25:26.292Z",
      "updated_time": "2022-04-05T06:25:26.292Z",
      "caption": "Sample Caption Comment NO #48-2",
      "user": 1,
      "post": 48,
      "reply_to": 48
    }
  },
  {
    "model": "activity.comment",
    "pk": 67,
    "fields": {
      "created_time": "2022-04-05T06:25:39.972Z",
      "updated_time": "2022-04-05T06:25:39.972Z",
      "caption": "Sample Caption Comment NO #48-3",
      "user": 1,
      "post": 48,
      "reply_to": null
    }
  },
  {
    "model": "activity.comment",
    "pk": 68,
    "fields": {
      "created_time": "2022-04-05T07:19:38.885Z",
      "updated_time": "2022-04-05T07:19:38.885Z",
      "caption": "Sample Caption Comment",
      "user": 1,
      "post": 48,
      "reply_to": null
    }
  },
  {
    "model": "activity.comment",
    "pk": 69,
    "fields": {
      "created_time": "2022-04-05T08:05:28.544Z",
      "updated_time": "2022-04-05T08:05:28.544Z",
      "caption": "Sample Comment #NO 48",
      "user": 1,
      "post": 48,
      "reply_to": null
    }
  },
  {
    "model": "activity.comment",
    "pk": 70,
    "fields": {
      "created_time": "2022-04-05T08:30:20.774Z",
      "updated_time": "2022-04-05T08:30:20.774Z",
      "caption": "Sample Caption Comment #48",
      "user": 1,
      "post": 48,
      "reply_to": null
    }
  },
  {
    "model": "activity.like",
    "pk": 1,
    "fields": {
      "created_time": "2022-03-31T09:41:05.755Z",
      "updated_time": "2022-03-31T09:41:05.755Z",
      "user": 2,
      "post": 37
    }
  },
  {
    "model": "activity.like",
    "pk": 2,
    "fields": {
      "created_time": "2022-03-31T10:36:07.820Z",
      "updated_time": "2022-03-31T10:36:07.820Z",
      "user": 4,
      "post": 37
    }
  },
  {
    "model": "activity.like",
    "pk": 3,
    "fields": {
      "created_time": "2022-03-31T10:51:39.477Z",
      "updated_time": "2022-03-31T10:51:39.477Z",
      "user": 3,
      "post": 26
    }
  },
  {
    "model": "activity.like",
    "pk": 4,
    "fields": {
      "created_time": "2022-03-31T10:51:48.745Z",
      "updated_time": "2022-03-31T10:51:48.745Z",
      "user": 10,
      "post": 26
    }
  },
  {
    "model": "activity.like",
    "pk": 5,
    "fields": {
      "created_time": "2022-03-31T10:52:00.238Z",
      "updated_time": "2022-03-31T10:52:00.238Z",
      "user": 8,
      "post": 26
    }
  },
  {
    "model": "activity.like",
    "pk": 6,
    "fields": {
      "created_time": "2022-03-31T10:52:15.705Z",
      "updated_time": "2022-03-31T10:52:15.705Z",
      "user": 1,
      "post": 26
    }
  },
  {
    "model": "activity.like",
    "pk": 7,
    "fields": {
      "created_time": "2022-03-31T11:24:59.551Z",
      "updated_time": "2022-03-31T11:24:59.551Z",
      "user": 1,
      "post": 37
    }
  },
  {
    "model": "activity.like",
    "pk": 9,
    "fields": {
      "created_time": "2022-04-03T15:11:34.830Z",
      "updated_time": "2022-04-03T15:11:34.830Z",
      "user": 1,
      "post": 31
    }
  }
]